ID,longitude,latitude,heigh,bio12,bio15,bio18,bio2,bio3,bio8,plant
BJ2_1,116.2033,39.9974,85,624,134,482,112,27,252,31
BJ2_2,116.2033,39.9974,85,624,134,482,112,27,252,31
BJ2_3,116.2033,39.9974,85,624,134,482,112,27,252,31
BJ2_4,116.2033,39.9974,85,624,134,482,112,27,252,31
BJ2_5,116.2033,39.9974,85,624,134,482,112,27,252,31
BJ3_1,117.1869,40.1727,55,574,132,433,118,27,229,23
BJ3_2,117.1869,40.1727,55,574,132,433,118,27,229,23
BJ3_3,117.1869,40.1727,55,574,132,433,118,27,229,23
BJ3_4,117.1869,40.1727,55,574,132,433,118,27,229,23
BJ3_5,117.1869,40.1727,55,574,132,433,118,27,229,23
BJ5_1,116.2033,39.9974,85,624,134,482,112,27,252,31
BJ5_2,116.2033,39.9974,85,624,134,482,112,27,252,31
BJ5_3,116.2033,39.9974,85,624,134,482,112,27,252,31
BJ7_1,116.1908,40.0202,79,636,138,498,115,28,253,100
BJ7_2,116.1908,40.0202,79,636,138,498,115,28,253,100
BJ7_3,116.1908,40.0202,79,636,138,498,115,28,253,100
BJ7_4,116.1908,40.0202,79,636,138,498,115,28,253,100
BJ7_5,116.1908,40.0202,79,636,138,498,115,28,253,100
BJ7_6,116.1908,40.0202,79,636,138,498,115,28,253,100
FJ101_1,117.0281,25.0858,340,1724,60,645,85,34,219,3
FJ101_2,117.0281,25.0858,340,1724,60,645,85,34,219,3
FJ101_3,117.0281,25.0858,340,1724,60,645,85,34,219,3
FJ101_4,117.0281,25.0858,340,1724,60,645,85,34,219,3
FJ104_1,117.0281,25.0858,340,1724,60,645,85,34,219,3
FJ104_2,117.0281,25.0858,340,1724,60,645,85,34,219,3
FJ104_3,117.0281,25.0858,340,1724,60,645,85,34,219,3
FJ104_4,117.0281,25.0858,340,1724,60,645,85,34,219,3
FJ104_5,117.0281,25.0858,340,1724,60,645,85,34,219,3
FJ106_1,117.0281,25.0858,340,1724,60,645,85,34,219,3
FJ106_2,117.0281,25.0858,340,1724,60,645,85,34,219,3
FJ106_3,117.0281,25.0858,340,1724,60,645,85,34,219,3
FJ106_4,117.0281,25.0858,340,1724,60,645,85,34,219,3
FJ106_5,117.0281,25.0858,340,1724,60,645,85,34,219,3
FJ110_1,117.0281,25.0858,340,1724,60,645,85,34,219,3
FJ110_2,117.0281,25.0858,340,1724,60,645,85,34,219,3
FJ110_3,117.0281,25.0858,340,1724,60,645,85,34,219,3
FJ110_4,117.0281,25.0858,340,1724,60,645,85,34,219,3
FJ110_5,117.0281,25.0858,340,1724,60,645,85,34,219,3
FJ112_1,117.6434,24.5206,10,1518,60,522,66,29,262,3
FJ112_2,117.6434,24.5206,10,1518,60,522,66,29,262,3
FJ112_3,117.6434,24.5206,10,1518,60,522,66,29,262,3
FJ113_1,118.8305,24.9853,25,1135,57,373,61,27,232,11
FJ113_2,118.8305,24.9853,25,1135,57,373,61,27,232,11
FJ113_3,118.8305,24.9853,25,1135,57,373,61,27,232,11
FJ113_4,118.8305,24.9853,25,1135,57,373,61,27,232,11
FJ113_5,118.8305,24.9853,25,1135,57,373,61,27,232,11
FJ32_1,117.6686,24.5291,16,1439,59,498,64,28,263,5
FJ32_2,117.6686,24.5291,16,1439,59,498,64,28,263,5
FJ32_3,117.6686,24.5291,16,1439,59,498,64,28,263,5
FJ32_4,117.6686,24.5291,16,1439,59,498,64,28,263,5
FJ32_5,117.6686,24.5291,16,1439,59,498,64,28,263,5
FJ41_1,117.9792,27.63,190,1906,63,624,85,29,216,42
FJ41_2,117.9792,27.63,190,1906,63,624,85,29,216,42
FJ41_3,117.9792,27.63,190,1906,63,624,85,29,216,42
FJ41_4,117.9792,27.63,190,1906,63,624,85,29,216,42
FJ41_5,117.9792,27.63,190,1906,63,624,85,29,216,42
FJ50_1,117.9792,27.63,190,1906,63,624,85,29,216,42
FJ50_2,117.9792,27.63,190,1906,63,624,85,29,216,42
FJ50_3,117.9792,27.63,190,1906,63,624,85,29,216,42
FJ50_4,117.9792,27.63,190,1906,63,624,85,29,216,42
FJ51_1,117.9792,27.63,190,1906,63,624,85,29,216,42
FJ51_2,117.9792,27.63,190,1906,63,624,85,29,216,42
FJ51_3,117.9792,27.63,190,1906,63,624,85,29,216,42
FJ53_1,117.9792,27.63,190,1906,63,624,85,29,216,42
FJ53_2,117.9792,27.63,190,1906,63,624,85,29,216,42
FJ53_3,117.9792,27.63,190,1906,63,624,85,29,216,42
FJ53_4,117.9792,27.63,190,1906,63,624,85,29,216,42
FJ53_5,117.9792,27.63,190,1906,63,624,85,29,216,42
FJ54_1,117.9792,27.63,190,1906,63,624,85,29,216,42
FJ54_2,117.9792,27.63,190,1906,63,624,85,29,216,42
FJ54_3,117.9792,27.63,190,1906,63,624,85,29,216,42
FJ54_4,117.9792,27.63,190,1906,63,624,85,29,216,42
FJ54_5,117.9792,27.63,190,1906,63,624,85,29,216,42
FJ61_1,118.1959,26.6322,150,1669,57,571,85,31,224,20
FJ61_2,118.1959,26.6322,150,1669,57,571,85,31,224,20
FJ61_3,118.1959,26.6322,150,1669,57,571,85,31,224,20
FJ61_4,118.1959,26.6322,150,1669,57,571,85,31,224,20
FJ61_5,118.1959,26.6322,150,1669,57,571,85,31,224,20
FJ68_1,118.12,26.6978,320,1798,59,619,85,31,213,72
FJ68_2,118.12,26.6978,320,1798,59,619,85,31,213,72
FJ68_3,118.12,26.6978,320,1798,59,619,85,31,213,72
FJ68_4,118.12,26.6978,320,1798,59,619,85,31,213,72
FJ68_5,118.12,26.6978,320,1798,59,619,85,31,213,72
FJ71_1,118.12,26.6978,320,1798,59,619,85,31,213,72
FJ71_2,118.12,26.6978,320,1798,59,619,85,31,213,72
FJ71_3,118.12,26.6978,320,1798,59,619,85,31,213,72
FJ71_4,118.12,26.6978,320,1798,59,619,85,31,213,72
FJ71_5,118.12,26.6978,320,1798,59,619,85,31,213,72
FJ76_1,118.12,26.6978,320,1798,59,619,85,31,213,72
FJ76_2,118.12,26.6978,320,1798,59,619,85,31,213,72
FJ76_3,118.12,26.6978,320,1798,59,619,85,31,213,72
FJ76_4,118.12,26.6978,320,1798,59,619,85,31,213,72
FJ76_5,118.12,26.6978,320,1798,59,619,85,31,213,72
FJ78_1,118.12,26.6978,320,1798,59,619,85,31,213,72
FJ78_2,118.12,26.6978,320,1798,59,619,85,31,213,72
FJ78_3,118.12,26.6978,320,1798,59,619,85,31,213,72
FJ78_4,118.12,26.6978,320,1798,59,619,85,31,213,72
FJ78_5,118.12,26.6978,320,1798,59,619,85,31,213,72
FJ88_2,117.7439,24.5006,200,1439,59,498,64,28,263,2
FJ88_3,117.7439,24.5006,200,1439,59,498,64,28,263,2
FJ88_5,117.7439,24.5006,200,1439,59,498,64,28,263,2
FJ96_1,117.7439,24.5006,200,1439,59,498,64,28,263,2
FJ96_2,117.7439,24.5006,200,1439,59,498,64,28,263,2
FJ96_3,117.7439,24.5006,200,1439,59,498,64,28,263,2
FJ96_4,117.7439,24.5006,200,1439,59,498,64,28,263,2
FJ96_5,117.7439,24.5006,200,1439,59,498,64,28,263,2
FJ98_1,117.6833,25.0914,340,1653,59,658,75,32,200,28
FJ98_2,117.6833,25.0914,340,1653,59,658,75,32,200,28
FJ98_3,117.6833,25.0914,340,1653,59,658,75,32,200,28
FJ98_4,117.6833,25.0914,340,1653,59,658,75,32,200,28
FJ98_5,117.6833,25.0914,340,1653,59,658,75,32,200,28
FJ99_1,117.6833,25.0914,340,1653,59,658,75,32,200,28
FJ99_2,117.6833,25.0914,340,1653,59,658,75,32,200,28
FJ99_3,117.6833,25.0914,340,1653,59,658,75,32,200,28
FJ99_4,117.6833,25.0914,340,1653,59,658,75,32,200,28
FJ99_5,117.6833,25.0914,340,1653,59,658,75,32,200,28
GD142_1,113.4873,23.6192,30,1955,67,802,85,34,246,4
GD142_2,113.4873,23.6192,30,1955,67,802,85,34,246,4
GD142_3,113.4873,23.6192,30,1955,67,802,85,34,246,4
GD142_4,113.4873,23.6192,30,1955,67,802,85,34,246,4
GD142_5,113.4873,23.6192,30,1955,67,802,85,34,246,4
GD143_2,113.3668,23.1625,30,1723,65,773,81,34,276,0
GD143_3,113.3668,23.1625,30,1723,65,773,81,34,276,0
GD143_4,113.3668,23.1625,30,1723,65,773,81,34,276,0
GD143_5,113.3668,23.1625,30,1723,65,773,81,34,276,0
GD144_1,113.3668,23.1625,30,1723,65,773,81,34,276,0
GD144_2,113.3668,23.1625,30,1723,65,773,81,34,276,0
GD144_3,113.3668,23.1625,30,1723,65,773,81,34,276,0
GD144_4,113.3668,23.1625,30,1723,65,773,81,34,276,0
GD144_5,113.3668,23.1625,30,1723,65,773,81,34,276,0
GD145_1,113.4873,23.6192,30,1955,67,802,85,34,246,4
GD145_2,113.4873,23.6192,30,1955,67,802,85,34,246,4
GD145_3,113.4873,23.6192,30,1955,67,802,85,34,246,4
GD145_4,113.4873,23.6192,30,1955,67,802,85,34,246,4
GD145_5,113.4873,23.6192,30,1955,67,802,85,34,246,4
GD146_1,113.4873,23.6192,30,1955,67,802,85,34,246,4
GD146_4,113.4873,23.6192,30,1955,67,802,85,34,246,4
GD146_5,113.4873,23.6192,30,1955,67,802,85,34,246,4
GD148_1,113.6252,23.5895,30,1972,67,809,85,34,247,46
GD148_2,113.6252,23.5895,30,1972,67,809,85,34,247,46
GD148_3,113.6252,23.5895,30,1972,67,809,85,34,247,46
GD148_4,113.6252,23.5895,30,1972,67,809,85,34,247,46
GD148_5,113.6252,23.5895,30,1972,67,809,85,34,247,46
GD148_6,113.6252,23.5895,30,1972,67,809,85,34,247,46
GS17_1,104.6267,35.0094,1780,512,81,259,106,30,169,0
GS17_2,104.6267,35.0094,1780,512,81,259,106,30,169,0
GS17_3,104.6267,35.0094,1780,512,81,259,106,30,169,0
GS17_4,104.6267,35.0094,1780,512,81,259,106,30,169,0
GS17_5,104.6267,35.0094,1780,512,81,259,106,30,169,0
GS18_1,104.6267,35.0094,1780,512,81,259,106,30,169,0
GS18_2,104.6267,35.0094,1780,512,81,259,106,30,169,0
GS18_3,104.6267,35.0094,1780,512,81,259,106,30,169,0
GS18_4,104.6267,35.0094,1780,512,81,259,106,30,169,0
GS18_5,104.6267,35.0094,1780,512,81,259,106,30,169,0
GS24_1,104.6267,35.0094,1780,512,81,259,106,30,169,0
GS24_3,104.6267,35.0094,1780,512,81,259,106,30,169,0
GS24_4,104.6267,35.0094,1780,512,81,259,106,30,169,0
GS24_5,104.6267,35.0094,1780,512,81,259,106,30,169,0
GS33_1,103.8083,36.0725,1680,348,88,189,131,31,190,0
GS33_2,103.8083,36.0725,1680,348,88,189,131,31,190,0
GS33_3,103.8083,36.0725,1680,348,88,189,131,31,190,0
GS33_4,103.8083,36.0725,1680,348,88,189,131,31,190,0
GS33_5,103.8083,36.0725,1680,348,88,189,131,31,190,0
GS35_2,104.9364,33.3769,1140,587,79,288,101,32,200,1
GS35_3,104.9364,33.3769,1140,587,79,288,101,32,200,1
GS35_4,104.9364,33.3769,1140,587,79,288,101,32,200,1
GS36_1,104.9364,33.3769,1140,587,79,288,101,32,200,1
GS36_2,104.9364,33.3769,1140,587,79,288,101,32,200,1
GS36_3,104.9364,33.3769,1140,587,79,288,101,32,200,1
GS36_4,104.9364,33.3769,1140,587,79,288,101,32,200,1
GS36_5,104.9364,33.3769,1140,587,79,288,101,32,200,1
GS44_1,104.7752,33.1858,1240,701,76,335,110,35,156,11
GS44_2,104.7752,33.1858,1240,701,76,335,110,35,156,11
GS44_3,104.7752,33.1858,1240,701,76,335,110,35,156,11
GS44_4,104.7752,33.1858,1240,701,76,335,110,35,156,11
GS44_5,104.7752,33.1858,1240,701,76,335,110,35,156,11
GS47_1,104.7752,33.1858,1240,701,76,335,110,35,156,11
GS47_2,104.7752,33.1858,1240,701,76,335,110,35,156,11
GS47_3,104.7752,33.1858,1240,701,76,335,110,35,156,11
GS47_4,104.7752,33.1858,1240,701,76,335,110,35,156,11
GS47_5,104.7752,33.1858,1240,701,76,335,110,35,156,11
GS51_1,104.7752,33.1858,1240,701,76,335,110,35,156,11
GS51_2,104.7752,33.1858,1240,701,76,335,110,35,156,11
GS51_3,104.7752,33.1858,1240,701,76,335,110,35,156,11
GS51_4,104.7752,33.1858,1240,701,76,335,110,35,156,11
GS51_5,104.7752,33.1858,1240,701,76,335,110,35,156,11
GS55_2,104.7752,33.1858,1240,701,76,335,110,35,156,11
GS55_3,104.7752,33.1858,1240,701,76,335,110,35,156,11
GS55_4,104.7752,33.1858,1240,701,76,335,110,35,156,11
HB20_1,111.0838,32.5078,193,852,62,383,107,30,253,39
HB20_2,111.0838,32.5078,193,852,62,383,107,30,253,39
HB20_3,111.0838,32.5078,193,852,62,383,107,30,253,39
HB20_4,111.0838,32.5078,193,852,62,383,107,30,253,39
HB20_5,111.0838,32.5078,193,852,62,383,107,30,253,39
HL103_3,129.735,44.4794,330,584,92,356,123,24,190,23
HL103_4,129.735,44.4794,330,584,92,356,123,24,190,23
HL103_5,129.735,44.4794,330,584,92,356,123,24,190,23
HL105_1,129.735,44.4794,330,584,92,356,123,24,190,23
HL105_2,129.735,44.4794,330,584,92,356,123,24,190,23
HL105_3,129.735,44.4794,330,584,92,356,123,24,190,23
HL105_4,129.735,44.4794,330,584,92,356,123,24,190,23
HL105_5,129.735,44.4794,330,584,92,356,123,24,190,23
HL113_1,129.6203,45.1519,240,591,93,365,124,24,195,71
HL113_2,129.6203,45.1519,240,591,93,365,124,24,195,71
HL113_3,129.6203,45.1519,240,591,93,365,124,24,195,71
HL113_4,129.6203,45.1519,240,591,93,365,124,24,195,71
HL113_5,129.6203,45.1519,240,591,93,365,124,24,195,71
HL114_1,129.6203,45.1519,240,591,93,365,124,24,195,71
HL114_2,129.6203,45.1519,240,591,93,365,124,24,195,71
HL114_3,129.6203,45.1519,240,591,93,365,124,24,195,71
HL114_4,129.6203,45.1519,240,591,93,365,124,24,195,71
HL114_5,129.6203,45.1519,240,591,93,365,124,24,195,71
HL115_1,129.6203,45.1519,240,591,93,365,124,24,195,71
HL115_2,129.6203,45.1519,240,591,93,365,124,24,195,71
HL115_3,129.6203,45.1519,240,591,93,365,124,24,195,71
HL115_4,129.6203,45.1519,240,591,93,365,124,24,195,71
HL115_5,129.6203,45.1519,240,591,93,365,124,24,195,71
HL116_1,129.6203,45.1519,240,591,93,365,124,24,195,71
HL116_2,129.6203,45.1519,240,591,93,365,124,24,195,71
HL116_3,129.6203,45.1519,240,591,93,365,124,24,195,71
HL116_4,129.6203,45.1519,240,591,93,365,124,24,195,71
HL116_5,129.6203,45.1519,240,591,93,365,124,24,195,71
HL120_1,129.5906,44.6011,250,553,91,337,124,24,204,0
HL120_2,129.5906,44.6011,250,553,91,337,124,24,204,0
HL120_3,129.5906,44.6011,250,553,91,337,124,24,204,0
HL120_4,129.5906,44.6011,250,553,91,337,124,24,204,0
HL120_5,129.5906,44.6011,250,553,91,337,124,24,204,0
HL121_1,129.5906,44.6011,250,553,91,337,124,24,204,0
HL121_2,129.5906,44.6011,250,553,91,337,124,24,204,0
HL121_3,129.5906,44.6011,250,553,91,337,124,24,204,0
HL121_4,129.5906,44.6011,250,553,91,337,124,24,204,0
HL121_5,129.5906,44.6011,250,553,91,337,124,24,204,0
HL121_6,129.5906,44.6011,250,553,91,337,124,24,204,0
HL123_1,129.5906,44.6011,250,553,91,337,124,24,204,0
HL123_2,129.5906,44.6011,250,553,91,337,124,24,204,0
HL123_3,129.5906,44.6011,250,553,91,337,124,24,204,0
HL123_4,129.5906,44.6011,250,553,91,337,124,24,204,0
HL123_5,129.5906,44.6011,250,553,91,337,124,24,204,0
HL124_1,129.5906,44.6011,250,553,91,337,124,24,204,0
HL124_2,129.5906,44.6011,250,553,91,337,124,24,204,0
HL124_3,129.5906,44.6011,250,553,91,337,124,24,204,0
HL125_1,129.5906,44.6011,250,553,91,337,124,24,204,0
HL125_2,129.5906,44.6011,250,553,91,337,124,24,204,0
HL125_3,129.5906,44.6011,250,553,91,337,124,24,204,0
HL125_4,129.5906,44.6011,250,553,91,337,124,24,204,0
HL125_5,129.5906,44.6011,250,553,91,337,124,24,204,0
HL134_1,126.6881,45.7867,140,557,104,365,124,23,212,3
HL134_2,126.6881,45.7867,140,557,104,365,124,23,212,3
HL134_3,126.6881,45.7867,140,557,104,365,124,23,212,3
HL134_4,126.6881,45.7867,140,557,104,365,124,23,212,3
HL137_1,126.6881,45.7867,140,557,104,365,124,23,212,3
HL137_2,126.6881,45.7867,140,557,104,365,124,23,212,3
HL137_3,126.6881,45.7867,140,557,104,365,124,23,212,3
HL137_4,126.6881,45.7867,140,557,104,365,124,23,212,3
HL137_5,126.6881,45.7867,140,557,104,365,124,23,212,3
HN242_1,112.9479,28.1943,82,1386,47,434,76,23,221,9
HN242_2,112.9479,28.1943,82,1386,47,434,76,23,221,9
HN242_3,112.9479,28.1943,82,1386,47,434,76,23,221,9
HN242_4,112.9479,28.1943,82,1386,47,434,76,23,221,9
HN242_5,112.9479,28.1943,82,1386,47,434,76,23,221,9
HN245_1,112.9479,28.1943,82,1386,47,434,76,23,221,9
HN245_2,112.9479,28.1943,82,1386,47,434,76,23,221,9
HN245_3,112.9479,28.1943,82,1386,47,434,76,23,221,9
HN245_4,112.9479,28.1943,82,1386,47,434,76,23,221,9
HN245_5,112.9479,28.1943,82,1386,47,434,76,23,221,9
HN248_1,112.9479,28.1943,82,1386,47,434,76,23,221,9
HN248_2,112.9479,28.1943,82,1386,47,434,76,23,221,9
HN248_3,112.9479,28.1943,82,1386,47,434,76,23,221,9
HN262_1,110.4804,29.0486,1452,1445,55,583,80,26,236,79
HN262_2,110.4804,29.0486,1452,1445,55,583,80,26,236,79
HN262_3,110.4804,29.0486,1452,1445,55,583,80,26,236,79
HN262_4,110.4804,29.0486,1452,1445,55,583,80,26,236,79
HN262_5,110.4804,29.0486,1452,1445,55,583,80,26,236,79
HN269_1,110.4804,29.0486,1452,1445,55,583,80,26,236,79
HN269_2,110.4804,29.0486,1452,1445,55,583,80,26,236,79
HN269_3,110.4804,29.0486,1452,1445,55,583,80,26,236,79
HN269_4,110.4804,29.0486,1452,1445,55,583,80,26,236,79
HN269_5,110.4804,29.0486,1452,1445,55,583,80,26,236,79
HN274_1,110.4943,29.1232,246,1445,55,583,80,26,236,32
HN274_2,110.4943,29.1232,246,1445,55,583,80,26,236,32
HN274_3,110.4943,29.1232,246,1445,55,583,80,26,236,32
HN274_4,110.4943,29.1232,246,1445,55,583,80,26,236,32
HN274_5,110.4943,29.1232,246,1445,55,583,80,26,236,32
HN276_1,110.4943,29.1232,246,1445,55,583,80,26,236,32
HN276_2,110.4943,29.1232,246,1445,55,583,80,26,236,32
HN276_3,110.4943,29.1232,246,1445,55,583,80,26,236,32
HN276_4,110.4943,29.1232,246,1445,55,583,80,26,236,32
HN276_5,110.4943,29.1232,246,1445,55,583,80,26,236,32
HN278_1,110.4943,29.1232,246,1445,55,583,80,26,236,32
HN278_2,110.4943,29.1232,246,1445,55,583,80,26,236,32
HN278_3,110.4943,29.1232,246,1445,55,583,80,26,236,32
HN278_4,110.4943,29.1232,246,1445,55,583,80,26,236,32
HN278_5,110.4943,29.1232,246,1445,55,583,80,26,236,32
HN283_1,109.6059,27.9379,525,1294,53,479,81,26,206,53
HN283_2,109.6059,27.9379,525,1294,53,479,81,26,206,53
HN283_3,109.6059,27.9379,525,1294,53,479,81,26,206,53
HN283_4,109.6059,27.9379,525,1294,53,479,81,26,206,53
HN293_1,109.6059,27.9379,525,1294,53,479,81,26,206,53
HN293_2,109.6059,27.9379,525,1294,53,479,81,26,206,53
HN293_3,109.6059,27.9379,525,1294,53,479,81,26,206,53
HN293_4,109.6059,27.9379,525,1294,53,479,81,26,206,53
HN293_5,109.6059,27.9379,525,1294,53,479,81,26,206,53
HN294_1,109.6059,27.9379,525,1294,53,479,81,26,206,53
HN294_2,109.6059,27.9379,525,1294,53,479,81,26,206,53
HN294_3,109.6059,27.9379,525,1294,53,479,81,26,206,53
HN294_4,109.6059,27.9379,525,1294,53,479,81,26,206,53
HN294_5,109.6059,27.9379,525,1294,53,479,81,26,206,53
HN318_1,112.8574,27.2352,188,1661,41,577,78,24,222,0
HN318_2,112.8574,27.2352,188,1661,41,577,78,24,222,0
HN318_3,112.8574,27.2352,188,1661,41,577,78,24,222,0
HN318_4,112.8574,27.2352,188,1661,41,577,78,24,222,0
HN318_5,112.8574,27.2352,188,1661,41,577,78,24,222,0
HN324_1,112.7054,27.2735,740,1735,41,610,75,24,214,67
HN324_2,112.7054,27.2735,740,1735,41,610,75,24,214,67
HN324_3,112.7054,27.2735,740,1735,41,610,75,24,214,67
HN324_4,112.7054,27.2735,740,1735,41,610,75,24,214,67
HN324_5,112.7054,27.2735,740,1735,41,610,75,24,214,67
HN329_1,112.7054,27.2735,740,1735,41,610,75,24,214,67
HN329_2,112.7054,27.2735,740,1735,41,610,75,24,214,67
HN329_3,112.7054,27.2735,740,1735,41,610,75,24,214,67
HN329_4,112.7054,27.2735,740,1735,41,610,75,24,214,67
HN329_5,112.7054,27.2735,740,1735,41,610,75,24,214,67
HN330_1,112.7054,27.2735,740,1735,41,610,75,24,214,67
HN330_2,112.7054,27.2735,740,1735,41,610,75,24,214,67
HN330_3,112.7054,27.2735,740,1735,41,610,75,24,214,67
HN330_4,112.7054,27.2735,740,1735,41,610,75,24,214,67
HN330_5,112.7054,27.2735,740,1735,41,610,75,24,214,67
HN332_1,112.7054,27.2735,740,1735,41,610,75,24,214,67
HN332_2,112.7054,27.2735,740,1735,41,610,75,24,214,67
HN332_3,112.7054,27.2735,740,1735,41,610,75,24,214,67
HN332_4,112.7054,27.2735,740,1735,41,610,75,24,214,67
HN332_5,112.7054,27.2735,740,1735,41,610,75,24,214,67
HN337_1,112.7054,27.2735,740,1735,41,610,75,24,214,67
HN337_2,112.7054,27.2735,740,1735,41,610,75,24,214,67
HN337_3,112.7054,27.2735,740,1735,41,610,75,24,214,67
HN337_4,112.7054,27.2735,740,1735,41,610,75,24,214,67
HN337_5,112.7054,27.2735,740,1735,41,610,75,24,214,67
JL18_1,126.3864,42.3411,630,824,94,510,130,24,197,0
JL18_2,126.3864,42.3411,630,824,94,510,130,24,197,0
JL18_3,126.3864,42.3411,630,824,94,510,130,24,197,0
JL18_4,126.3864,42.3411,630,824,94,510,130,24,197,0
JL33_1,128.1206,42.4367,700,688,92,426,128,26,179,0
JL33_2,128.1206,42.4367,700,688,92,426,128,26,179,0
JL33_4,128.1206,42.4367,700,688,92,426,128,26,179,0
JL33_5,128.1206,42.4367,700,688,92,426,128,26,179,0
JL37_1,128.1206,42.4367,700,688,92,426,128,26,179,0
JL37_2,128.1206,42.4367,700,688,92,426,128,26,179,0
JL37_3,128.1206,42.4367,700,688,92,426,128,26,179,0
JL37_4,128.1206,42.4367,700,688,92,426,128,26,179,0
JL37_5,128.1206,42.4367,700,688,92,426,128,26,179,0
JL42_1,128.3097,43.8553,220,673,96,427,130,25,178,84
JL42_2,128.3097,43.8553,220,673,96,427,130,25,178,84
JL42_3,128.3097,43.8553,220,673,96,427,130,25,178,84
JL42_4,128.3097,43.8553,220,673,96,427,130,25,178,84
JL45_1,128.3097,43.8553,220,673,96,427,130,25,178,84
JL45_2,128.3097,43.8553,220,673,96,427,130,25,178,84
JL45_3,128.3097,43.8553,220,673,96,427,130,25,178,84
JL45_4,128.3097,43.8553,220,673,96,427,130,25,178,84
JL47_1,128.3097,43.8553,220,673,96,427,130,25,178,84
JL47_2,128.3097,43.8553,220,673,96,427,130,25,178,84
JL47_3,128.3097,43.8553,220,673,96,427,130,25,178,84
JL47_4,128.3097,43.8553,220,673,96,427,130,25,178,84
JL47_5,128.3097,43.8553,220,673,96,427,130,25,178,84
JL50_1,128.3097,43.8553,220,673,96,427,130,25,178,84
JL50_2,128.3097,43.8553,220,673,96,427,130,25,178,84
JL50_3,128.3097,43.8553,220,673,96,427,130,25,178,84
JL50_4,128.3097,43.8553,220,673,96,427,130,25,178,84
JL50_5,128.3097,43.8553,220,673,96,427,130,25,178,84
JX13_1,115.4208,25.0003,420,1716,58,611,85,31,219,30
JX13_2,115.4208,25.0003,420,1716,58,611,85,31,219,30
JX13_3,115.4208,25.0003,420,1716,58,611,85,31,219,30
JX20_1,114.1244,26.5819,980,1728,47,557,75,25,184,66
JX20_2,114.1244,26.5819,980,1728,47,557,75,25,184,66
JX20_3,114.1244,26.5819,980,1728,47,557,75,25,184,66
JX20_4,114.1244,26.5819,980,1728,47,557,75,25,184,66
JX20_5,114.1244,26.5819,980,1728,47,557,75,25,184,66
JX26_1,114.1244,26.5819,980,1728,47,557,75,25,184,66
JX26_2,114.1244,26.5819,980,1728,47,557,75,25,184,66
JX26_3,114.1244,26.5819,980,1728,47,557,75,25,184,66
JX26_4,114.1244,26.5819,980,1728,47,557,75,25,184,66
JX26_5,114.1244,26.5819,980,1728,47,557,75,25,184,66
JX31_1,113.8378,27.6714,210,1595,46,489,82,25,215,7
JX31_2,113.8378,27.6714,210,1595,46,489,82,25,215,7
JX31_3,113.8378,27.6714,210,1595,46,489,82,25,215,7
JX31_4,113.8378,27.6714,210,1595,46,489,82,25,215,7
JX31_5,113.8378,27.6714,210,1595,46,489,82,25,215,7
JX34_1,114.1672,27.4606,1280,1658,47,517,79,25,202,55
JX34_2,114.1672,27.4606,1280,1658,47,517,79,25,202,55
JX34_3,114.1672,27.4606,1280,1658,47,517,79,25,202,55
JX34_4,114.1672,27.4606,1280,1658,47,517,79,25,202,55
JX34_5,114.1672,27.4606,1280,1658,47,517,79,25,202,55
JX35_K_1,114.1672,27.4606,1280,1658,47,517,79,25,202,55
JX35_K_2,114.1672,27.4606,1280,1658,47,517,79,25,202,55
JX35_K_3,114.1672,27.4606,1280,1658,47,517,79,25,202,55
JX35_Z_4,114.1672,27.4606,1280,1658,47,517,79,25,202,55
JX35_Z_5,114.1672,27.4606,1280,1658,47,517,79,25,202,55
JX35_Z_6,114.1672,27.4606,1280,1658,47,517,79,25,202,55
JX38_1,114.1672,27.4606,1280,1658,47,517,79,25,202,55
JX38_2,114.1672,27.4606,1280,1658,47,517,79,25,202,55
JX38_3,114.1672,27.4606,1280,1658,47,517,79,25,202,55
JX38_4,114.1672,27.4606,1280,1658,47,517,79,25,202,55
JX40_1,114.1672,27.4606,1280,1658,47,517,79,25,202,55
JX40_2,114.1672,27.4606,1280,1658,47,517,79,25,202,55
JX40_3,114.1672,27.4606,1280,1658,47,517,79,25,202,55
JX47_1,115.9114,28.685,30,732,43,244,77,24,214,4
JX47_2,115.9114,28.685,30,732,43,244,77,24,214,4
JX47_3,115.9114,28.685,30,732,43,244,77,24,214,4
JX47_4,115.9114,28.685,30,732,43,244,77,24,214,4
JX47_5,115.9114,28.685,30,732,43,244,77,24,214,4
JX54_1,115.9678,29.5703,1040,1652,48,659,76,24,267,41
JX54_2,115.9678,29.5703,1040,1652,48,659,76,24,267,41
JX54_3,115.9678,29.5703,1040,1652,48,659,76,24,267,41
JX54_4,115.9678,29.5703,1040,1652,48,659,76,24,267,41
JX55_1,115.9678,29.5703,1040,1652,48,659,76,24,267,41
JX55_2,115.9678,29.5703,1040,1652,48,659,76,24,267,41
JX55_3,115.9678,29.5703,1040,1652,48,659,76,24,267,41
JX55_4,115.9678,29.5703,1040,1652,48,659,76,24,267,41
JX55_5,115.9678,29.5703,1040,1652,48,659,76,24,267,41
JX59_1,115.9678,29.5703,1040,1652,48,659,76,24,267,41
JX59_2,115.9678,29.5703,1040,1652,48,659,76,24,267,41
JX59_3,115.9678,29.5703,1040,1652,48,659,76,24,267,41
JX59_4,115.9678,29.5703,1040,1652,48,659,76,24,267,41
JX59_5,115.9678,29.5703,1040,1652,48,659,76,24,267,41
LN19_1,123.7356,42,170,705,97,439,118,24,233,0
LN19_2,123.7356,42,170,705,97,439,118,24,233,0
LN19_4,123.7356,42,170,705,97,439,118,24,233,0
LN24_1,123.7356,42,170,705,97,439,118,24,233,0
LN24_2,123.7356,42,170,705,97,439,118,24,233,0
LN24_3,123.7356,42,170,705,97,439,118,24,233,0
LN24_4,123.7356,42,170,705,97,439,118,24,233,0
LN24_5,123.7356,42,170,705,97,439,118,24,233,0
LN26_2,123.7356,42,170,705,97,439,118,24,233,0
LN26_3,123.7356,42,170,705,97,439,118,24,233,0
LN26_4,123.7356,42,170,705,97,439,118,24,233,0
LN26_5,123.7356,42,170,705,97,439,118,24,233,0
LN28_2,121.7161,41.61,140,573,105,373,110,24,233,10
LN28_3,121.7161,41.61,140,573,105,373,110,24,233,10
LN28_4,121.7161,41.61,140,573,105,373,110,24,233,10
LN28_5,121.7161,41.61,140,573,105,373,110,24,233,10
LN29_1,121.7161,41.61,140,573,105,373,110,24,233,10
LN29_2,121.7161,41.61,140,573,105,373,110,24,233,10
LN29_5,121.7161,41.61,140,573,105,373,110,24,233,10
LN31_2,121.7161,41.61,140,573,105,373,110,24,233,10
LN31_3,121.7161,41.61,140,573,105,373,110,24,233,10
LN31_5,121.7161,41.61,140,573,105,373,110,24,233,10
LN34_1,121.7161,41.61,140,573,105,373,110,24,233,10
LN34_3,121.7161,41.61,140,573,105,373,110,24,233,10
LN34_5,121.7161,41.61,140,573,105,373,110,24,233,10
LN41_1,122.9569,40.0381,150,787,98,484,90,22,213,83
LN41_2,122.9569,40.0381,150,787,98,484,90,22,213,83
LN41_3,122.9569,40.0381,150,787,98,484,90,22,213,83
LN41_4,122.9569,40.0381,150,787,98,484,90,22,213,83
LN41_5,122.9569,40.0381,150,787,98,484,90,22,213,83
LN48_1,124.0647,40.4275,100,972,103,619,105,24,217,19
LN48_2,124.0647,40.4275,100,972,103,619,105,24,217,19
LN48_3,124.0647,40.4275,100,972,103,619,105,24,217,19
LN48_4,124.0647,40.4275,100,972,103,619,105,24,217,19
LN49_2,124.0647,40.4275,100,972,103,619,105,24,217,19
LN49_3,124.0647,40.4275,100,972,103,619,105,24,217,19
LN49_4,124.0647,40.4275,100,972,103,619,105,24,217,19
LN49_5,124.0647,40.4275,100,972,103,619,105,24,217,19
LN51_1,124.0647,40.4275,100,972,103,619,105,24,217,19
LN51_2,124.0647,40.4275,100,972,103,619,105,24,217,19
LN51_3,124.0647,40.4275,100,972,103,619,105,24,217,19
LN51_4,124.0647,40.4275,100,972,103,619,105,24,217,19
LN57_1,124.0647,40.4275,100,972,103,619,105,24,217,19
LN57_2,124.0647,40.4275,100,972,103,619,105,24,217,19
LN57_3,124.0647,40.4275,100,972,103,619,105,24,217,19
LN57_4,124.0647,40.4275,100,972,103,619,105,24,217,19
LN57_5,124.0647,40.4275,100,972,103,619,105,24,217,19
LN70_1,124.0647,40.4275,100,972,103,619,105,24,217,19
LN70_2,124.0647,40.4275,100,972,103,619,105,24,217,19
LN70_3,124.0647,40.4275,100,972,103,619,105,24,217,19
LN70_4,124.0647,40.4275,100,972,103,619,105,24,217,19
LN71_2,124.0647,40.4275,100,972,103,619,105,24,217,19
LN71_3,124.0647,40.4275,100,972,103,619,105,24,217,19
LN71_4,124.0647,40.4275,100,972,103,619,105,24,217,19
NM2_1,108.27,41.1,1026,190,112,126,132,27,201,0
NM2_2,108.27,41.1,1026,190,112,126,132,27,201,0
NM2_3,108.27,41.1,1026,190,112,126,132,27,201,0
NM2_4,108.27,41.1,1026,190,112,126,132,27,201,0
NM2_5,108.27,41.1,1026,190,112,126,132,27,201,0
NM3_1,111.41,40.48,1040,394,108,256,133,28,190,0
NM3_2,111.41,40.48,1040,394,108,256,133,28,190,0
NM3_3,111.41,40.48,1040,394,108,256,133,28,190,0
NM3_4,111.41,40.48,1040,394,108,256,133,28,190,0
NM3_5,111.41,40.48,1040,394,108,256,133,28,190,0
S136_1,118.8358,32.0339,33,1013,53,451,86,25,267,0
S136_4,118.8358,32.0339,33,1013,53,451,86,25,267,0
S136_5,118.8358,32.0339,33,1013,53,451,86,25,267,0
S138_1,118.8358,32.0339,33,1013,53,451,86,25,267,0
S138_2,118.8358,32.0339,33,1013,53,451,86,25,267,0
S138_3,118.8358,32.0339,33,1013,53,451,86,25,267,0
S138_4,118.8358,32.0339,33,1013,53,451,86,25,267,0
S138_5,118.8358,32.0339,33,1013,53,451,86,25,267,0
S159_1,118.91,31.5834,27,1116,49,474,84,25,271,0
S159_2,118.91,31.5834,27,1116,49,474,84,25,271,0
S159_3,118.91,31.5834,27,1116,49,474,84,25,271,0
S159_4,118.91,31.5834,27,1116,49,474,84,25,271,0
S159_5,118.91,31.5834,27,1116,49,474,84,25,271,0
S176_k_1,118.8506,32.0689,300,1013,53,451,86,25,267,NA
S176_k_2,118.8506,32.0689,300,1013,53,451,86,25,267,NA
S176_k_3,118.8506,32.0689,300,1013,53,451,86,25,267,NA
S176_k_4,118.8506,32.0689,300,1013,53,451,86,25,267,NA
S176_z_1,118.8506,32.0689,300,1013,53,451,86,25,267,NA
S176_z_2,118.8506,32.0689,300,1013,53,451,86,25,267,NA
S176_z_3,118.8506,32.0689,300,1013,53,451,86,25,267,NA
S176_z_4,118.8506,32.0689,300,1013,53,451,86,25,267,NA
S176_z_5,118.8506,32.0689,300,1013,53,451,86,25,267,NA
S179B_1,118.8506,32.0689,33,1013,53,451,86,25,267,NA
S179B_2,118.8506,32.0689,33,1013,53,451,86,25,267,NA
S179B_3,118.8506,32.0689,33,1013,53,451,86,25,267,NA
S179B_4,118.8506,32.0689,33,1013,53,451,86,25,267,NA
S179H_1,118.8506,32.0689,33,1013,53,451,86,25,267,46
S179H_3,118.8506,32.0689,33,1013,53,451,86,25,267,46
S179H_4,118.8506,32.0689,33,1013,53,451,86,25,267,46
S181_1,118.8506,32.0689,33,1013,53,451,86,25,267,46
S181_2,118.8506,32.0689,33,1013,53,451,86,25,267,46
S181_3,118.8506,32.0689,33,1013,53,451,86,25,267,46
S181_4,118.8506,32.0689,33,1013,53,451,86,25,267,46
S181_5,118.8506,32.0689,33,1013,53,451,86,25,267,46
S182_1,118.8269,32.0514,10,998,53,444,88,26,269,29
S182_2,118.8269,32.0514,10,998,53,444,88,26,269,29
S182_3,118.8269,32.0514,10,998,53,444,88,26,269,29
S182_4,118.8269,32.0514,10,998,53,444,88,26,269,29
S182_5,118.8269,32.0514,10,998,53,444,88,26,269,29
S183_1,118.8269,32.0514,10,998,53,444,88,26,269,29
S183_2,118.8269,32.0514,10,998,53,444,88,26,269,29
S183_3,118.8269,32.0514,10,998,53,444,88,26,269,29
S183_4,118.8269,32.0514,10,998,53,444,88,26,269,29
S183_5,118.8269,32.0514,10,998,53,444,88,26,269,29
S184_1,118.8506,32.0689,33,1013,53,451,86,25,267,46
S184_2,118.8506,32.0689,33,1013,53,451,86,25,267,46
S184_3,118.8506,32.0689,33,1013,53,451,86,25,267,46
S184_4,118.8506,32.0689,33,1013,53,451,86,25,267,46
S184_5,118.8506,32.0689,33,1013,53,451,86,25,267,46
S185_1,118.8506,32.0689,33,1013,53,451,86,25,267,46
S185_2,118.8506,32.0689,33,1013,53,451,86,25,267,46
S185_3,118.8506,32.0689,33,1013,53,451,86,25,267,46
S185_4,118.8506,32.0689,33,1013,53,451,86,25,267,46
S187_1,118.84,32.03,29,1013,53,451,86,25,267,18
S187_2,118.84,32.03,29,1013,53,451,86,25,267,18
S187_3,118.84,32.03,29,1013,53,451,86,25,267,18
S187_4,118.84,32.03,29,1013,53,451,86,25,267,18
S187_5,118.84,32.03,29,1013,53,451,86,25,267,18
S187_6,118.84,32.03,29,1013,53,451,86,25,267,18
SC107_1,103.6135,30.9974,730,1124,93,648,79,28,231,0
SC107_2,103.6135,30.9974,730,1124,93,648,79,28,231,0
SC107_3,103.6135,30.9974,730,1124,93,648,79,28,231,0
SC107_4,103.6135,30.9974,730,1124,93,648,79,28,231,0
SC107_5,103.6135,30.9974,730,1124,93,648,79,28,231,0
SC114_1,103.4911,30.9184,927,1073,86,590,85,31,201,32
SC114_2,103.4911,30.9184,927,1073,86,590,85,31,201,32
SC114_3,103.4911,30.9184,927,1073,86,590,85,31,201,32
SC114_4,103.4911,30.9184,927,1073,86,590,85,31,201,32
SC114_5,103.4911,30.9184,927,1073,86,590,85,31,201,32
SC16_1,106.7551,31.8642,535,1130,76,519,82,28,241,29
SC16_2,106.7551,31.8642,535,1130,76,519,82,28,241,29
SC16_3,106.7551,31.8642,535,1130,76,519,82,28,241,29
SC17_1,106.7551,31.8642,535,1130,76,519,82,28,241,29
SC17_2,106.7551,31.8642,535,1130,76,519,82,28,241,29
SC17_3,106.7551,31.8642,535,1130,76,519,82,28,241,29
SC23_1,106.7551,31.8642,535,1130,76,519,82,28,241,29
SC23_2,106.7551,31.8642,535,1130,76,519,82,28,241,29
SC23_3,106.7551,31.8642,535,1130,76,519,82,28,241,29
SC38_1,103.862,33.0659,3004,802,75,379,135,40,92,92
SC38_2,103.862,33.0659,3004,802,75,379,135,40,92,92
SC38_3,103.862,33.0659,3004,802,75,379,135,40,92,92
SC38_4,103.862,33.0659,3004,802,75,379,135,40,92,92
SC38_5,103.862,33.0659,3004,802,75,379,135,40,92,92
SC46_1,103.862,33.0659,3004,802,75,379,135,40,92,92
SC46_2,103.862,33.0659,3004,802,75,379,135,40,92,92
SC46_3,103.862,33.0659,3004,802,75,379,135,40,92,92
SC46_4,103.862,33.0659,3004,802,75,379,135,40,92,92
SC46_5,103.862,33.0659,3004,802,75,379,135,40,92,92
SC49_1,103.862,33.0659,3004,802,75,379,135,40,92,92
SC49_2,103.862,33.0659,3004,802,75,379,135,40,92,92
SC49_3,103.862,33.0659,3004,802,75,379,135,40,92,92
SC49_4,103.862,33.0659,3004,802,75,379,135,40,92,92
SC49_5,103.862,33.0659,3004,802,75,379,135,40,92,92
SC56_1,101.8701,30.9155,2367,718,85,371,123,41,160,16
SC56_2,101.8701,30.9155,2367,718,85,371,123,41,160,16
SC56_3,101.8701,30.9155,2367,718,85,371,123,41,160,16
SC56_4,101.8701,30.9155,2367,718,85,371,123,41,160,16
SC56_5,101.8701,30.9155,2367,718,85,371,123,41,160,16
SC59_1,101.8701,30.9155,2367,718,85,371,123,41,160,16
SC59_2,101.8701,30.9155,2367,718,85,371,123,41,160,16
SC59_3,101.8701,30.9155,2367,718,85,371,123,41,160,16
SC59_4,101.8701,30.9155,2367,718,85,371,123,41,160,16
SC62_1,101.8701,30.9155,2367,718,85,371,123,41,160,16
SC62_2,101.8701,30.9155,2367,718,85,371,123,41,160,16
SC62_3,101.8701,30.9155,2367,718,85,371,123,41,160,16
SC62_4,101.8701,30.9155,2367,718,85,371,123,41,160,16
SC62_5,101.8701,30.9155,2367,718,85,371,123,41,160,16
SC65_1,101.9944,29.5702,3025,1092,94,658,120,42,32,6
SC65_2,101.9944,29.5702,3025,1092,94,658,120,42,32,6
SC65_3,101.9944,29.5702,3025,1092,94,658,120,42,32,6
SC65_4,101.9944,29.5702,3025,1092,94,658,120,42,32,6
SC65_5,101.9944,29.5702,3025,1092,94,658,120,42,32,6
SC67_1,101.9944,29.5702,3025,1092,94,658,120,42,32,6
SC67_2,101.9944,29.5702,3025,1092,94,658,120,42,32,6
SC67_3,101.9944,29.5702,3025,1092,94,658,120,42,32,6
SC67_4,101.9944,29.5702,3025,1092,94,658,120,42,32,6
SC67_5,101.9944,29.5702,3025,1092,94,658,120,42,32,6
SC75_1,103.3359,29.5326,2517,1524,94,892,75,28,232,66
SC75_2,103.3359,29.5326,2517,1524,94,892,75,28,232,66
SC75_3,103.3359,29.5326,2517,1524,94,892,75,28,232,66
SC75_4,103.3359,29.5326,2517,1524,94,892,75,28,232,66
SC75_5,103.3359,29.5326,2517,1524,94,892,75,28,232,66
SC77_1,103.3359,29.5326,2517,1524,94,892,75,28,232,66
SC77_2,103.3359,29.5326,2517,1524,94,892,75,28,232,66
SC77_3,103.3359,29.5326,2517,1524,94,892,75,28,232,66
SC77_4,103.3359,29.5326,2517,1524,94,892,75,28,232,66
SC77_5,103.3359,29.5326,2517,1524,94,892,75,28,232,66
SC78_1,103.3359,29.5326,2517,1524,94,892,75,28,232,66
SC78_2,103.3359,29.5326,2517,1524,94,892,75,28,232,66
SC78_3,103.3359,29.5326,2517,1524,94,892,75,28,232,66
SC82_1,103.3359,29.5326,2517,1524,94,892,75,28,232,66
SC82_2,103.3359,29.5326,2517,1524,94,892,75,28,232,66
SC82_3,103.3359,29.5326,2517,1524,94,892,75,28,232,66
SC82_4,103.3359,29.5326,2517,1524,94,892,75,28,232,66
SC82_5,103.3359,29.5326,2517,1524,94,892,75,28,232,66
SC95_1,103.3359,29.5326,2517,1524,94,892,75,28,232,66
SC95_2,103.3359,29.5326,2517,1524,94,892,75,28,232,66
SC95_3,103.3359,29.5326,2517,1524,94,892,75,28,232,66
SC95_4,103.3359,29.5326,2517,1524,94,892,75,28,232,66
SC98_1,103.3359,29.5326,2517,1524,94,892,75,28,232,66
SC98_2,103.3359,29.5326,2517,1524,94,892,75,28,232,66
SC98_3,103.3359,29.5326,2517,1524,94,892,75,28,232,66
SC98_4,103.3359,29.5326,2517,1524,94,892,75,28,232,66
SC98_5,103.3359,29.5326,2517,1524,94,892,75,28,232,66
SD11_2,117.1006,36.255,1440,752,107,494,100,27,244,NA
SD11_3,117.1006,36.255,1440,752,107,494,100,27,244,NA
SD11_4,117.1006,36.255,1440,752,107,494,100,27,244,NA
SH9_1,121.4739,31.0489,10,1059,46,394,73,23,265,0
SH9_2,121.4739,31.0489,10,1059,46,394,73,23,265,0
SH9_3,121.4739,31.0489,10,1059,46,394,73,23,265,0
SH9_4,121.4739,31.0489,10,1059,46,394,73,23,265,0
SH9_5,121.4739,31.0489,10,1059,46,394,73,23,265,0
SN102_1,110.0819,34.4922,1830,775,69,353,81,24,184,10
SN102_2,110.0819,34.4922,1830,775,69,353,81,24,184,10
SN102_3,110.0819,34.4922,1830,775,69,353,81,24,184,10
SN102_4,110.0819,34.4922,1830,775,69,353,81,24,184,10
SN102_5,110.0819,34.4922,1830,775,69,353,81,24,184,10
SN103_1,110.0819,34.4922,1830,775,69,353,81,24,184,10
SN103_2,110.0819,34.4922,1830,775,69,353,81,24,184,10
SN103_3,110.0819,34.4922,1830,775,69,353,81,24,184,10
SN103_4,110.0819,34.4922,1830,775,69,353,81,24,184,10
SN103_5,110.0819,34.4922,1830,775,69,353,81,24,184,10
SN108_1,110.0819,34.4922,1830,775,69,353,81,24,184,10
SN108_2,110.0819,34.4922,1830,775,69,353,81,24,184,10
SN108_3,110.0819,34.4922,1830,775,69,353,81,24,184,10
SN108_4,110.0819,34.4922,1830,775,69,353,81,24,184,10
SN108_5,110.0819,34.4922,1830,775,69,353,81,24,184,10
SN114_1,109.4842,36.5844,990,528,88,293,128,31,200,29
SN114_2,109.4842,36.5844,990,528,88,293,128,31,200,29
SN114_3,109.4842,36.5844,990,528,88,293,128,31,200,29
SN117_1,109.4842,36.5844,990,528,88,293,128,31,200,29
SN117_2,109.4842,36.5844,990,528,88,293,128,31,200,29
SN117_3,109.4842,36.5844,990,528,88,293,128,31,200,29
SN117_4,109.4842,36.5844,990,528,88,293,128,31,200,29
SN117_5,109.4842,36.5844,990,528,88,293,128,31,200,29
SN43_1,109.1958,34.2944,830,619,70,274,101,27,235,34
SN43_3,109.1958,34.2944,830,619,70,274,101,27,235,34
SN43_4,109.1958,34.2944,830,619,70,274,101,27,235,34
SN43_5,109.1958,34.2944,830,619,70,274,101,27,235,34
SN50_3,107.8281,34.0117,2450,807,74,365,84,26,181,100
SN50_4,107.8281,34.0117,2450,807,74,365,84,26,181,100
SN50_5,107.8281,34.0117,2450,807,74,365,84,26,181,100
SN51_1,107.8281,34.0117,2450,807,74,365,84,26,181,100
SN51_3,107.8281,34.0117,2450,807,74,365,84,26,181,100
SN51_4,107.8281,34.0117,2450,807,74,365,84,26,181,100
SN51_5,107.8281,34.0117,2450,807,74,365,84,26,181,100
SN57_1,107.8281,34.0117,2450,807,74,365,84,26,181,100
SN57_2,107.8281,34.0117,2450,807,74,365,84,26,181,100
SN57_3,107.8281,34.0117,2450,807,74,365,84,26,181,100
SN57_4,107.8281,34.0117,2450,807,74,365,84,26,181,100
SN57_5,107.8281,34.0117,2450,807,74,365,84,26,181,100
SN58_1,107.8281,34.0117,2450,807,74,365,84,26,181,100
SN58_2,107.8281,34.0117,2450,807,74,365,84,26,181,100
SN58_3,107.8281,34.0117,2450,807,74,365,84,26,181,100
SN58_4,107.8281,34.0117,2450,807,74,365,84,26,181,100
SN58_5,107.8281,34.0117,2450,807,74,365,84,26,181,100
SN63_1,107.8281,34.0117,2450,807,74,365,84,26,181,100
SN63_2,107.8281,34.0117,2450,807,74,365,84,26,181,100
SN63_3,107.8281,34.0117,2450,807,74,365,84,26,181,100
SN63_4,107.8281,34.0117,2450,807,74,365,84,26,181,100
SN63_5,107.8281,34.0117,2450,807,74,365,84,26,181,100
SN70_1,107.1467,34.3564,590,684,76,314,95,27,223,0
SN70_2,107.1467,34.3564,590,684,76,314,95,27,223,0
SN70_3,107.1467,34.3564,590,684,76,314,95,27,223,0
SN70_4,107.1467,34.3564,590,684,76,314,95,27,223,0
SN70_5,107.1467,34.3564,590,684,76,314,95,27,223,0
SN88_1,108.2997,33.1458,660,843,73,368,92,28,237,72
SN88_2,108.2997,33.1458,660,843,73,368,92,28,237,72
SN88_3,108.2997,33.1458,660,843,73,368,92,28,237,72
SN88_4,108.2997,33.1458,660,843,73,368,92,28,237,72
SN94_1,110.0819,34.4922,1830,775,69,353,81,24,184,10
SN94_2,110.0819,34.4922,1830,775,69,353,81,24,184,10
SN94_3,110.0819,34.4922,1830,775,69,353,81,24,184,10
SN94_4,110.0819,34.4922,1830,775,69,353,81,24,184,10
SN94_5,110.0819,34.4922,1830,775,69,353,81,24,184,10
SN96_1,110.0819,34.4922,1830,775,69,353,81,24,184,10
SN96_2,110.0819,34.4922,1830,775,69,353,81,24,184,10
SN96_3,110.0819,34.4922,1830,775,69,353,81,24,184,10
SN96_4,110.0819,34.4922,1830,775,69,353,81,24,184,10
SN96_5,110.0819,34.4922,1830,775,69,353,81,24,184,10
SX16_1,113.1449,40.1103,1137,398,104,261,132,29,193,0
SX16_2,113.1449,40.1103,1137,398,104,261,132,29,193,0
SX16_3,113.1449,40.1103,1137,398,104,261,132,29,193,0
SX16_4,113.1449,40.1103,1137,398,104,261,132,29,193,0
SX16_5,113.1449,40.1103,1137,398,104,261,132,29,193,0
X6_1,84.2591,41.7829,944,65,78,39,133,28,245,12
X6_2,84.2591,41.7829,944,65,78,39,133,28,245,12
X6_3,84.2591,41.7829,944,65,78,39,133,28,245,12
X6_4,84.2591,41.7829,944,65,78,39,133,28,245,12
X6_5,84.2591,41.7829,944,65,78,39,133,28,245,12
XZ10_1,94.5393,29.4645,2946,598,92,345,128,45,128,0
XZ10_2,94.5393,29.4645,2946,598,92,345,128,45,128,0
XZ10_3,94.5393,29.4645,2946,598,92,345,128,45,128,0
XZ11_1,94.5393,29.4645,2946,598,92,345,128,45,128,0
XZ11_2,94.5393,29.4645,2946,598,92,345,128,45,128,0
XZ11_3,94.5393,29.4645,2946,598,92,345,128,45,128,0
XZ11_4,94.5393,29.4645,2946,598,92,345,128,45,128,0
XZ11_5,94.5393,29.4645,2946,598,92,345,128,45,128,0
XZ13_1,94.5393,29.4645,2946,598,92,345,128,45,128,0
XZ13_2,94.5393,29.4645,2946,598,92,345,128,45,128,0
XZ13_3,94.5393,29.4645,2946,598,92,345,128,45,128,0
XZ13_4,94.5393,29.4645,2946,598,92,345,128,45,128,0
XZ13_5,94.5393,29.4645,2946,598,92,345,128,45,128,0
XZ17_1,94.5393,29.4645,2946,598,92,345,128,45,128,0
XZ17_2,94.5393,29.4645,2946,598,92,345,128,45,128,0
XZ17_3,94.5393,29.4645,2946,598,92,345,128,45,128,0
XZ17_4,94.5393,29.4645,2946,598,92,345,128,45,128,0
XZ17_5,94.5393,29.4645,2946,598,92,345,128,45,128,0
XZ42_1,95.6197,29.7148,3049,674,91,396,128,44,122,69
XZ42_2,95.6197,29.7148,3049,674,91,396,128,44,122,69
XZ42_3,95.6197,29.7148,3049,674,91,396,128,44,122,69
XZ42_4,95.6197,29.7148,3049,674,91,396,128,44,122,69
XZ42_5,95.6197,29.7148,3049,674,91,396,128,44,122,69
XZ51_1,95.2754,29.3076,1161,1789,92,1074,116,44,218,56
XZ51_2,95.2754,29.3076,1161,1789,92,1074,116,44,218,56
XZ51_3,95.2754,29.3076,1161,1789,92,1074,116,44,218,56
XZ57_1,95.1716,29.2375,796,1789,92,1074,116,44,218,23
XZ57_2,95.1716,29.2375,796,1789,92,1074,116,44,218,23
XZ57_3,95.1716,29.2375,796,1789,92,1074,116,44,218,23
XZ59_1,95.1716,29.2375,796,1789,92,1074,116,44,218,23
XZ59_2,95.1716,29.2375,796,1789,92,1074,116,44,218,23
XZ59_3,95.1716,29.2375,796,1789,92,1074,116,44,218,23
XZ59_4,95.1716,29.2375,796,1789,92,1074,116,44,218,23
XZ59_5,95.1716,29.2375,796,1789,92,1074,116,44,218,23
XZ76_1,91.1155,29.6519,3654,378,129,288,147,44,137,12
XZ76_2,91.1155,29.6519,3654,378,129,288,147,44,137,12
XZ76_3,91.1155,29.6519,3654,378,129,288,147,44,137,12
XZ76_4,91.1155,29.6519,3654,378,129,288,147,44,137,12
XZ76_5,91.1155,29.6519,3654,378,129,288,147,44,137,12
XZ79_1,91.1155,29.6519,3654,378,129,288,147,44,137,12
XZ79_2,91.1155,29.6519,3654,378,129,288,147,44,137,12
XZ79_3,91.1155,29.6519,3654,378,129,288,147,44,137,12
XZ79_4,91.1155,29.6519,3654,378,129,288,147,44,137,12
XZ79_5,91.1155,29.6519,3654,378,129,288,147,44,137,12
YN492_1,102.6635,24.9615,1891,995,88,585,105,46,201,254
YN492_2,102.6635,24.9615,1891,995,88,585,105,46,201,254
YN492_3,102.6635,24.9615,1891,995,88,585,105,46,201,254
YN492_4,102.6635,24.9615,1891,995,88,585,105,46,201,254
YN492_5,102.6635,24.9615,1891,995,88,585,105,46,201,254
YN493_1,102.6635,24.9615,1891,995,88,585,105,46,201,254
YN493_2,102.6635,24.9615,1891,995,88,585,105,46,201,254
YN493_3,102.6635,24.9615,1891,995,88,585,105,46,201,254
YN493_4,102.6635,24.9615,1891,995,88,585,105,46,201,254
YN493_5,102.6635,24.9615,1891,995,88,585,105,46,201,254
YN497_1,102.6635,24.9615,1891,995,88,585,105,46,201,254
YN497_2,102.6635,24.9615,1891,995,88,585,105,46,201,254
YN497_3,102.6635,24.9615,1891,995,88,585,105,46,201,254
YN497_4,102.6635,24.9615,1891,995,88,585,105,46,201,254
YN497_5,102.6635,24.9615,1891,995,88,585,105,46,201,254
YN500_1,101.993,24.0637,1474,1059,85,611,109,49,217,9
YN500_2,101.993,24.0637,1474,1059,85,611,109,49,217,9
YN500_3,101.993,24.0637,1474,1059,85,611,109,49,217,9
YN500_4,101.993,24.0637,1474,1059,85,611,109,49,217,9
YN500_5,101.993,24.0637,1474,1059,85,611,109,49,217,9
YN501_1,101.993,24.0637,1474,1059,85,611,109,49,217,9
YN501_2,101.993,24.0637,1474,1059,85,611,109,49,217,9
YN501_3,101.993,24.0637,1474,1059,85,611,109,49,217,9
YN501_4,101.993,24.0637,1474,1059,85,611,109,49,217,9
YN501_5,101.993,24.0637,1474,1059,85,611,109,49,217,9
YN504_1,101.993,24.0637,1474,1059,85,611,109,49,217,9
YN504_2,101.993,24.0637,1474,1059,85,611,109,49,217,9
YN504_3,101.993,24.0637,1474,1059,85,611,109,49,217,9
YN504_4,101.993,24.0637,1474,1059,85,611,109,49,217,9
YN504_5,101.993,24.0637,1474,1059,85,611,109,49,217,9
YN506_1,101.993,24.0637,1474,1059,85,611,109,49,217,9
YN506_2,101.993,24.0637,1474,1059,85,611,109,49,217,9
YN506_3,101.993,24.0637,1474,1059,85,611,109,49,217,9
YN506_4,101.993,24.0637,1474,1059,85,611,109,49,217,9
YN506_5,101.993,24.0637,1474,1059,85,611,109,49,217,9
YN509_1,101.9694,23.9441,2311,1048,83,595,111,49,233,82
YN509_2,101.9694,23.9441,2311,1048,83,595,111,49,233,82
YN509_3,101.9694,23.9441,2311,1048,83,595,111,49,233,82
YN509_4,101.9694,23.9441,2311,1048,83,595,111,49,233,82
YN509_5,101.9694,23.9441,2311,1048,83,595,111,49,233,82
YN526_1,100.1859,23.9083,2469,1247,87,715,112,50,182,70
YN526_2,100.1859,23.9083,2469,1247,87,715,112,50,182,70
YN526_3,100.1859,23.9083,2469,1247,87,715,112,50,182,70
YN526_4,100.1859,23.9083,2469,1247,87,715,112,50,182,70
YN526_5,100.1859,23.9083,2469,1247,87,715,112,50,182,70
YN527_1,100.1859,23.9083,2469,1247,87,715,112,50,182,70
YN527_2,100.1859,23.9083,2469,1247,87,715,112,50,182,70
YN527_3,100.1859,23.9083,2469,1247,87,715,112,50,182,70
YN527_4,100.1859,23.9083,2469,1247,87,715,112,50,182,70
YN527_5,100.1859,23.9083,2469,1247,87,715,112,50,182,70
YN528_1,100.1859,23.9083,2469,1247,87,715,112,50,182,70
YN528_2,100.1859,23.9083,2469,1247,87,715,112,50,182,70
YN528_3,100.1859,23.9083,2469,1247,87,715,112,50,182,70
YN528_4,100.1859,23.9083,2469,1247,87,715,112,50,182,70
YN528_5,100.1859,23.9083,2469,1247,87,715,112,50,182,70
YN529_1,100.1859,23.9083,2469,1247,87,715,112,50,182,70
YN529_2,100.1859,23.9083,2469,1247,87,715,112,50,182,70
YN529_3,100.1859,23.9083,2469,1247,87,715,112,50,182,70
YN529_4,100.1859,23.9083,2469,1247,87,715,112,50,182,70
YN529_5,100.1859,23.9083,2469,1247,87,715,112,50,182,70
YN533_1,100.1859,23.9083,2469,1247,87,715,112,50,182,70
YN533_2,100.1859,23.9083,2469,1247,87,715,112,50,182,70
YN533_3,100.1859,23.9083,2469,1247,87,715,112,50,182,70
YN533_4,100.1859,23.9083,2469,1247,87,715,112,50,182,70
YN533_5,100.1859,23.9083,2469,1247,87,715,112,50,182,70
YN534_1,100.1859,23.9083,2469,1247,87,715,112,50,182,70
YN534_2,100.1859,23.9083,2469,1247,87,715,112,50,182,70
YN534_3,100.1859,23.9083,2469,1247,87,715,112,50,182,70
YN534_4,100.1859,23.9083,2469,1247,87,715,112,50,182,70
YN534_5,100.1859,23.9083,2469,1247,87,715,112,50,182,70
YN548_1,98.4919,25.2115,1893,1477,78,805,112,48,187,37
YN548_2,98.4919,25.2115,1893,1477,78,805,112,48,187,37
YN548_3,98.4919,25.2115,1893,1477,78,805,112,48,187,37
YN548_4,98.4919,25.2115,1893,1477,78,805,112,48,187,37
YN548_5,98.4919,25.2115,1893,1477,78,805,112,48,187,37
YN553_1,98.5003,25.0102,1643,1395,77,754,113,48,195,1
YN553_2,98.5003,25.0102,1643,1395,77,754,113,48,195,1
YN553_3,98.5003,25.0102,1643,1395,77,754,113,48,195,1
YN553_4,98.5003,25.0102,1643,1395,77,754,113,48,195,1
YN553_5,98.5003,25.0102,1643,1395,77,754,113,48,195,1
YN556_1,98.5003,25.0102,1643,1395,77,754,113,48,195,1
YN556_2,98.5003,25.0102,1643,1395,77,754,113,48,195,1
YN556_3,98.5003,25.0102,1643,1395,77,754,113,48,195,1
YN556_4,98.5003,25.0102,1643,1395,77,754,113,48,195,1
YN556_5,98.5003,25.0102,1643,1395,77,754,113,48,195,1
YN557_1,98.4626,25.0075,1585,1506,78,825,113,49,198,30
YN557_2,98.4626,25.0075,1585,1506,78,825,113,49,198,30
YN557_3,98.4626,25.0075,1585,1506,78,825,113,49,198,30
YN557_4,98.4626,25.0075,1585,1506,78,825,113,49,198,30
YN557_5,98.4626,25.0075,1585,1506,78,825,113,49,198,30
YN561_1,98.4467,24.9457,1436,1528,81,856,115,49,211,42
YN561_2,98.4467,24.9457,1436,1528,81,856,115,49,211,42
YN561_3,98.4467,24.9457,1436,1528,81,856,115,49,211,42
YN561_4,98.4467,24.9457,1436,1528,81,856,115,49,211,42
YN561_5,98.4467,24.9457,1436,1528,81,856,115,49,211,42
YN575_1,98.7576,25.9668,2102,1375,78,748,110,48,183,47
YN575_2,98.7576,25.9668,2102,1375,78,748,110,48,183,47
YN575_3,98.7576,25.9668,2102,1375,78,748,110,48,183,47
YN575_4,98.7576,25.9668,2102,1375,78,748,110,48,183,47
YN575_5,98.7576,25.9668,2102,1375,78,748,110,48,183,47
YN580_1,98.7576,25.9668,2102,1375,78,748,110,48,183,47
YN580_2,98.7576,25.9668,2102,1375,78,748,110,48,183,47
YN580_3,98.7576,25.9668,2102,1375,78,748,110,48,183,47
YN580_4,98.7576,25.9668,2102,1375,78,748,110,48,183,47
YN580_5,98.7576,25.9668,2102,1375,78,748,110,48,183,47
YN583_1,99.9451,27.9005,3616,783,99,494,120,45,102,69
YN583_2,99.9451,27.9005,3616,783,99,494,120,45,102,69
YN583_3,99.9451,27.9005,3616,783,99,494,120,45,102,69
YN583_4,99.9451,27.9005,3616,783,99,494,120,45,102,69
YN583_5,99.9451,27.9005,3616,783,99,494,120,45,102,69
YN589_1,99.9451,27.9005,3616,783,99,494,120,45,102,69
YN589_2,99.9451,27.9005,3616,783,99,494,120,45,102,69
YN589_3,99.9451,27.9005,3616,783,99,494,120,45,102,69
YN589_4,99.9451,27.9005,3616,783,99,494,120,45,102,69
YN589_5,99.9451,27.9005,3616,783,99,494,120,45,102,69
YN593_1,99.7069,27.8583,3292,777,96,479,118,45,121,22
YN593_2,99.7069,27.8583,3292,777,96,479,118,45,121,22
YN593_3,99.7069,27.8583,3292,777,96,479,118,45,121,22
YN593_4,99.7069,27.8583,3292,777,96,479,118,45,121,22
YN593_5,99.7069,27.8583,3292,777,96,479,118,45,121,22
YN594_1,99.7069,27.8583,3292,777,96,479,118,45,121,22
YN594_2,99.7069,27.8583,3292,777,96,479,118,45,121,22
YN594_3,99.7069,27.8583,3292,777,96,479,118,45,121,22
YN594_4,99.7069,27.8583,3292,777,96,479,118,45,121,22
YN594_5,99.7069,27.8583,3292,777,96,479,118,45,121,22
YN598_1,99.7069,27.8583,3292,777,96,479,118,45,121,22
YN598_2,99.7069,27.8583,3292,777,96,479,118,45,121,22
YN598_3,99.7069,27.8583,3292,777,96,479,118,45,121,22
YN598_4,99.7069,27.8583,3292,777,96,479,118,45,121,22
YN598_5,99.7069,27.8583,3292,777,96,479,118,45,121,22
YN613_1,100.2477,27.1257,2881,947,102,601,117,48,133,71
YN613_2,100.2477,27.1257,2881,947,102,601,117,48,133,71
YN613_3,100.2477,27.1257,2881,947,102,601,117,48,133,71
YN613_4,100.2477,27.1257,2881,947,102,601,117,48,133,71
YN613_5,100.2477,27.1257,2881,947,102,601,117,48,133,71
YN618_1,100.1342,25.6709,2630,1066,89,615,111,49,167,90
YN618_2,100.1342,25.6709,2630,1066,89,615,111,49,167,90
YN618_3,100.1342,25.6709,2630,1066,89,615,111,49,167,90
YN618_4,100.1342,25.6709,2630,1066,89,615,111,49,167,90
YN618_5,100.1342,25.6709,2630,1066,89,615,111,49,167,90
YN620_1,100.1342,25.6709,2630,1066,89,615,111,49,167,90
YN620_2,100.1342,25.6709,2630,1066,89,615,111,49,167,90
YN620_3,100.1342,25.6709,2630,1066,89,615,111,49,167,90
YN620_4,100.1342,25.6709,2630,1066,89,615,111,49,167,90
YN620_5,100.1342,25.6709,2630,1066,89,615,111,49,167,90
Z407_1,119.3616,30.1885,128,1420,48,543,79,24,237,32
Z407_2,119.3616,30.1885,128,1420,48,543,79,24,237,32
Z407_4,119.3616,30.1885,128,1420,48,543,79,24,237,32
