ID,heigh,Lon,Lat,bio1,bio10,bio11,bio12,bio13,bio14,bio15,bio16,bio17,bio18,bio19,bio2,bio3,bio4,bio5,bio6,bio7,bio8,bio9
BJ2_1,85,116.2033,39.9974,121,252,-23,624,225,4,134,482,12,482,12,112,27,10675,312,-92,404,252,-23
BJ2_2,85,116.2033,39.9974,121,252,-23,624,225,4,134,482,12,482,12,112,27,10675,312,-92,404,252,-23
BJ2_3,85,116.2033,39.9974,121,252,-23,624,225,4,134,482,12,482,12,112,27,10675,312,-92,404,252,-23
BJ2_4,85,116.2033,39.9974,121,252,-23,624,225,4,134,482,12,482,12,112,27,10675,312,-92,404,252,-23
BJ2_5,85,116.2033,39.9974,121,252,-23,624,225,4,134,482,12,482,12,112,27,10675,312,-92,404,252,-23
BJ3_1,55,117.1869,40.1727,94,229,-58,574,208,3,132,433,12,433,12,118,27,11132,288,-134,422,229,-58
BJ3_2,55,117.1869,40.1727,94,229,-58,574,208,3,132,433,12,433,12,118,27,11132,288,-134,422,229,-58
BJ3_3,55,117.1869,40.1727,94,229,-58,574,208,3,132,433,12,433,12,118,27,11132,288,-134,422,229,-58
BJ3_4,55,117.1869,40.1727,94,229,-58,574,208,3,132,433,12,433,12,118,27,11132,288,-134,422,229,-58
BJ3_5,55,117.1869,40.1727,94,229,-58,574,208,3,132,433,12,433,12,118,27,11132,288,-134,422,229,-58
BJ5_1,85,116.2033,39.9974,121,252,-23,624,225,4,134,482,12,482,12,112,27,10675,312,-92,404,252,-23
BJ5_2,85,116.2033,39.9974,121,252,-23,624,225,4,134,482,12,482,12,112,27,10675,312,-92,404,252,-23
BJ5_3,85,116.2033,39.9974,121,252,-23,624,225,4,134,482,12,482,12,112,27,10675,312,-92,404,252,-23
BJ5_5,85,116.2033,39.9974,121,252,-23,624,225,4,134,482,12,482,12,112,27,10675,312,-92,404,252,-23
BJ7_1,79,116.1908,40.0202,121,253,-25,636,220,3,138,498,12,498,12,115,28,10786,314,-95,409,253,-25
BJ7_2,79,116.1908,40.0202,121,253,-25,636,220,3,138,498,12,498,12,115,28,10786,314,-95,409,253,-25
BJ7_3,79,116.1908,40.0202,121,253,-25,636,220,3,138,498,12,498,12,115,28,10786,314,-95,409,253,-25
BJ7_4,79,116.1908,40.0202,121,253,-25,636,220,3,138,498,12,498,12,115,28,10786,314,-95,409,253,-25
BJ7_5,79,116.1908,40.0202,121,253,-25,636,220,3,138,498,12,498,12,115,28,10786,314,-95,409,253,-25
BJ7_6,79,116.1908,40.0202,121,253,-25,636,220,3,138,498,12,498,12,115,28,10786,314,-95,409,253,-25
FJ101_1,340,117.0281,25.0858,192,258,116,1724,299,34,60,784,131,645,186,85,34,5584,309,61,248,219,130
FJ101_2,340,117.0281,25.0858,192,258,116,1724,299,34,60,784,131,645,186,85,34,5584,309,61,248,219,130
FJ101_3,340,117.0281,25.0858,192,258,116,1724,299,34,60,784,131,645,186,85,34,5584,309,61,248,219,130
FJ101_4,340,117.0281,25.0858,192,258,116,1724,299,34,60,784,131,645,186,85,34,5584,309,61,248,219,130
FJ104_1,340,117.0281,25.0858,192,258,116,1724,299,34,60,784,131,645,186,85,34,5584,309,61,248,219,130
FJ104_2,340,117.0281,25.0858,192,258,116,1724,299,34,60,784,131,645,186,85,34,5584,309,61,248,219,130
FJ104_3,340,117.0281,25.0858,192,258,116,1724,299,34,60,784,131,645,186,85,34,5584,309,61,248,219,130
FJ104_4,340,117.0281,25.0858,192,258,116,1724,299,34,60,784,131,645,186,85,34,5584,309,61,248,219,130
FJ104_5,340,117.0281,25.0858,192,258,116,1724,299,34,60,784,131,645,186,85,34,5584,309,61,248,219,130
FJ106_1,340,117.0281,25.0858,192,258,116,1724,299,34,60,784,131,645,186,85,34,5584,309,61,248,219,130
FJ106_2,340,117.0281,25.0858,192,258,116,1724,299,34,60,784,131,645,186,85,34,5584,309,61,248,219,130
FJ106_3,340,117.0281,25.0858,192,258,116,1724,299,34,60,784,131,645,186,85,34,5584,309,61,248,219,130
FJ106_4,340,117.0281,25.0858,192,258,116,1724,299,34,60,784,131,645,186,85,34,5584,309,61,248,219,130
FJ106_5,340,117.0281,25.0858,192,258,116,1724,299,34,60,784,131,645,186,85,34,5584,309,61,248,219,130
FJ110_1,340,117.0281,25.0858,192,258,116,1724,299,34,60,784,131,645,186,85,34,5584,309,61,248,219,130
FJ110_2,340,117.0281,25.0858,192,258,116,1724,299,34,60,784,131,645,186,85,34,5584,309,61,248,219,130
FJ110_3,340,117.0281,25.0858,192,258,116,1724,299,34,60,784,131,645,186,85,34,5584,309,61,248,219,130
FJ110_4,340,117.0281,25.0858,192,258,116,1724,299,34,60,784,131,645,186,85,34,5584,309,61,248,219,130
FJ110_5,340,117.0281,25.0858,192,258,116,1724,299,34,60,784,131,645,186,85,34,5584,309,61,248,219,130
FJ112_1,10,117.6434,24.5206,210,278,134,1518,278,27,60,663,113,522,148,66,29,5681,319,92,227,262,154
FJ112_2,10,117.6434,24.5206,210,278,134,1518,278,27,60,663,113,522,148,66,29,5681,319,92,227,262,154
FJ112_3,10,117.6434,24.5206,210,278,134,1518,278,27,60,663,113,522,148,66,29,5681,319,92,227,262,154
FJ113_1,25,118.8305,24.9853,212,282,137,1135,189,25,57,475,81,373,206,61,27,5788,322,100,222,232,194
FJ113_2,25,118.8305,24.9853,212,282,137,1135,189,25,57,475,81,373,206,61,27,5788,322,100,222,232,194
FJ113_3,25,118.8305,24.9853,212,282,137,1135,189,25,57,475,81,373,206,61,27,5788,322,100,222,232,194
FJ113_4,25,118.8305,24.9853,212,282,137,1135,189,25,57,475,81,373,206,61,27,5788,322,100,222,232,194
FJ113_5,25,118.8305,24.9853,212,282,137,1135,189,25,57,475,81,373,206,61,27,5788,322,100,222,232,194
FJ32_1,16,117.6686,24.5291,211,280,137,1439,257,27,59,620,110,498,146,64,28,5695,319,96,223,263,157
FJ32_2,16,117.6686,24.5291,211,280,137,1439,257,27,59,620,110,498,146,64,28,5695,319,96,223,263,157
FJ32_3,16,117.6686,24.5291,211,280,137,1439,257,27,59,620,110,498,146,64,28,5695,319,96,223,263,157
FJ32_4,16,117.6686,24.5291,211,280,137,1439,257,27,59,620,110,498,146,64,28,5695,319,96,223,263,157
FJ32_5,16,117.6686,24.5291,211,280,137,1439,257,27,59,620,110,498,146,64,28,5695,319,96,223,263,157
FJ41_1,190,117.9792,27.63,181,268,84,1906,346,51,63,933,175,624,252,85,29,7219,323,32,291,216,144
FJ41_2,190,117.9792,27.63,181,268,84,1906,346,51,63,933,175,624,252,85,29,7219,323,32,291,216,144
FJ41_3,190,117.9792,27.63,181,268,84,1906,346,51,63,933,175,624,252,85,29,7219,323,32,291,216,144
FJ41_4,190,117.9792,27.63,181,268,84,1906,346,51,63,933,175,624,252,85,29,7219,323,32,291,216,144
FJ41_5,190,117.9792,27.63,181,268,84,1906,346,51,63,933,175,624,252,85,29,7219,323,32,291,216,144
FJ50_1,190,117.9792,27.63,181,268,84,1906,346,51,63,933,175,624,252,85,29,7219,323,32,291,216,144
FJ50_2,190,117.9792,27.63,181,268,84,1906,346,51,63,933,175,624,252,85,29,7219,323,32,291,216,144
FJ50_3,190,117.9792,27.63,181,268,84,1906,346,51,63,933,175,624,252,85,29,7219,323,32,291,216,144
FJ50_4,190,117.9792,27.63,181,268,84,1906,346,51,63,933,175,624,252,85,29,7219,323,32,291,216,144
FJ51_1,190,117.9792,27.63,181,268,84,1906,346,51,63,933,175,624,252,85,29,7219,323,32,291,216,144
FJ51_2,190,117.9792,27.63,181,268,84,1906,346,51,63,933,175,624,252,85,29,7219,323,32,291,216,144
FJ51_3,190,117.9792,27.63,181,268,84,1906,346,51,63,933,175,624,252,85,29,7219,323,32,291,216,144
FJ53_1,190,117.9792,27.63,181,268,84,1906,346,51,63,933,175,624,252,85,29,7219,323,32,291,216,144
FJ53_2,190,117.9792,27.63,181,268,84,1906,346,51,63,933,175,624,252,85,29,7219,323,32,291,216,144
FJ53_3,190,117.9792,27.63,181,268,84,1906,346,51,63,933,175,624,252,85,29,7219,323,32,291,216,144
FJ53_4,190,117.9792,27.63,181,268,84,1906,346,51,63,933,175,624,252,85,29,7219,323,32,291,216,144
FJ53_5,190,117.9792,27.63,181,268,84,1906,346,51,63,933,175,624,252,85,29,7219,323,32,291,216,144
FJ54_1,190,117.9792,27.63,181,268,84,1906,346,51,63,933,175,624,252,85,29,7219,323,32,291,216,144
FJ54_2,190,117.9792,27.63,181,268,84,1906,346,51,63,933,175,624,252,85,29,7219,323,32,291,216,144
FJ54_3,190,117.9792,27.63,181,268,84,1906,346,51,63,933,175,624,252,85,29,7219,323,32,291,216,144
FJ54_4,190,117.9792,27.63,181,268,84,1906,346,51,63,933,175,624,252,85,29,7219,323,32,291,216,144
FJ54_5,190,117.9792,27.63,181,268,84,1906,346,51,63,933,175,624,252,85,29,7219,323,32,291,216,144
FJ61_1,150,118.1959,26.6322,192,272,105,1669,283,40,57,763,145,571,197,85,31,6524,329,56,273,224,122
FJ61_2,150,118.1959,26.6322,192,272,105,1669,283,40,57,763,145,571,197,85,31,6524,329,56,273,224,122
FJ61_3,150,118.1959,26.6322,192,272,105,1669,283,40,57,763,145,571,197,85,31,6524,329,56,273,224,122
FJ61_4,150,118.1959,26.6322,192,272,105,1669,283,40,57,763,145,571,197,85,31,6524,329,56,273,224,122
FJ61_5,150,118.1959,26.6322,192,272,105,1669,283,40,57,763,145,571,197,85,31,6524,329,56,273,224,122
FJ68_1,320,118.12,26.6978,181,260,93,1798,313,43,59,832,156,619,211,85,31,6507,315,44,271,213,110
FJ68_2,320,118.12,26.6978,181,260,93,1798,313,43,59,832,156,619,211,85,31,6507,315,44,271,213,110
FJ68_3,320,118.12,26.6978,181,260,93,1798,313,43,59,832,156,619,211,85,31,6507,315,44,271,213,110
FJ68_4,320,118.12,26.6978,181,260,93,1798,313,43,59,832,156,619,211,85,31,6507,315,44,271,213,110
FJ68_5,320,118.12,26.6978,181,260,93,1798,313,43,59,832,156,619,211,85,31,6507,315,44,271,213,110
FJ71_1,320,118.12,26.6978,181,260,93,1798,313,43,59,832,156,619,211,85,31,6507,315,44,271,213,110
FJ71_2,320,118.12,26.6978,181,260,93,1798,313,43,59,832,156,619,211,85,31,6507,315,44,271,213,110
FJ71_3,320,118.12,26.6978,181,260,93,1798,313,43,59,832,156,619,211,85,31,6507,315,44,271,213,110
FJ71_4,320,118.12,26.6978,181,260,93,1798,313,43,59,832,156,619,211,85,31,6507,315,44,271,213,110
FJ71_5,320,118.12,26.6978,181,260,93,1798,313,43,59,832,156,619,211,85,31,6507,315,44,271,213,110
FJ76_1,320,118.12,26.6978,181,260,93,1798,313,43,59,832,156,619,211,85,31,6507,315,44,271,213,110
FJ76_2,320,118.12,26.6978,181,260,93,1798,313,43,59,832,156,619,211,85,31,6507,315,44,271,213,110
FJ76_3,320,118.12,26.6978,181,260,93,1798,313,43,59,832,156,619,211,85,31,6507,315,44,271,213,110
FJ76_4,320,118.12,26.6978,181,260,93,1798,313,43,59,832,156,619,211,85,31,6507,315,44,271,213,110
FJ76_5,320,118.12,26.6978,181,260,93,1798,313,43,59,832,156,619,211,85,31,6507,315,44,271,213,110
FJ78_1,320,118.12,26.6978,181,260,93,1798,313,43,59,832,156,619,211,85,31,6507,315,44,271,213,110
FJ78_2,320,118.12,26.6978,181,260,93,1798,313,43,59,832,156,619,211,85,31,6507,315,44,271,213,110
FJ78_3,320,118.12,26.6978,181,260,93,1798,313,43,59,832,156,619,211,85,31,6507,315,44,271,213,110
FJ78_4,320,118.12,26.6978,181,260,93,1798,313,43,59,832,156,619,211,85,31,6507,315,44,271,213,110
FJ78_5,320,118.12,26.6978,181,260,93,1798,313,43,59,832,156,619,211,85,31,6507,315,44,271,213,110
FJ88_2,200,117.7439,24.5006,211,280,137,1439,257,27,59,620,110,498,146,64,28,5695,319,96,223,263,157
FJ88_3,200,117.7439,24.5006,211,280,137,1439,257,27,59,620,110,498,146,64,28,5695,319,96,223,263,157
FJ88_5,200,117.7439,24.5006,211,280,137,1439,257,27,59,620,110,498,146,64,28,5695,319,96,223,263,157
FJ96_1,200,117.7439,24.5006,211,280,137,1439,257,27,59,620,110,498,146,64,28,5695,319,96,223,263,157
FJ96_2,200,117.7439,24.5006,211,280,137,1439,257,27,59,620,110,498,146,64,28,5695,319,96,223,263,157
FJ96_3,200,117.7439,24.5006,211,280,137,1439,257,27,59,620,110,498,146,64,28,5695,319,96,223,263,157
FJ96_4,200,117.7439,24.5006,211,280,137,1439,257,27,59,620,110,498,146,64,28,5695,319,96,223,263,157
FJ96_5,200,117.7439,24.5006,211,280,137,1439,257,27,59,620,110,498,146,64,28,5695,319,96,223,263,157
FJ98_1,340,117.6833,25.0914,176,241,103,1653,281,32,59,712,123,658,168,75,32,5416,288,55,233,200,119
FJ98_2,340,117.6833,25.0914,176,241,103,1653,281,32,59,712,123,658,168,75,32,5416,288,55,233,200,119
FJ98_3,340,117.6833,25.0914,176,241,103,1653,281,32,59,712,123,658,168,75,32,5416,288,55,233,200,119
FJ98_4,340,117.6833,25.0914,176,241,103,1653,281,32,59,712,123,658,168,75,32,5416,288,55,233,200,119
FJ98_5,340,117.6833,25.0914,176,241,103,1653,281,32,59,712,123,658,168,75,32,5416,288,55,233,200,119
FJ99_1,340,117.6833,25.0914,176,241,103,1653,281,32,59,712,123,658,168,75,32,5416,288,55,233,200,119
FJ99_2,340,117.6833,25.0914,176,241,103,1653,281,32,59,712,123,658,168,75,32,5416,288,55,233,200,119
FJ99_3,340,117.6833,25.0914,176,241,103,1653,281,32,59,712,123,658,168,75,32,5416,288,55,233,200,119
FJ99_4,340,117.6833,25.0914,176,241,103,1653,281,32,59,712,123,658,168,75,32,5416,288,55,233,200,119
FJ99_5,340,117.6833,25.0914,176,241,103,1653,281,32,59,712,123,658,168,75,32,5416,288,55,233,200,119
GD142_1,30,113.4873,23.6192,215,280,136,1955,361,32,67,928,124,802,169,85,34,5708,327,81,246,246,154
GD142_2,30,113.4873,23.6192,215,280,136,1955,361,32,67,928,124,802,169,85,34,5708,327,81,246,246,154
GD142_3,30,113.4873,23.6192,215,280,136,1955,361,32,67,928,124,802,169,85,34,5708,327,81,246,246,154
GD142_4,30,113.4873,23.6192,215,280,136,1955,361,32,67,928,124,802,169,85,34,5708,327,81,246,246,154
GD142_5,30,113.4873,23.6192,215,280,136,1955,361,32,67,928,124,802,169,85,34,5708,327,81,246,246,154
GD143_2,30,113.3668,23.1625,224,285,149,1723,283,30,65,798,113,773,136,81,34,5424,329,95,234,276,167
GD143_3,30,113.3668,23.1625,224,285,149,1723,283,30,65,798,113,773,136,81,34,5424,329,95,234,276,167
GD143_4,30,113.3668,23.1625,224,285,149,1723,283,30,65,798,113,773,136,81,34,5424,329,95,234,276,167
GD143_5,30,113.3668,23.1625,224,285,149,1723,283,30,65,798,113,773,136,81,34,5424,329,95,234,276,167
GD144_1,30,113.3668,23.1625,224,285,149,1723,283,30,65,798,113,773,136,81,34,5424,329,95,234,276,167
GD144_2,30,113.3668,23.1625,224,285,149,1723,283,30,65,798,113,773,136,81,34,5424,329,95,234,276,167
GD144_3,30,113.3668,23.1625,224,285,149,1723,283,30,65,798,113,773,136,81,34,5424,329,95,234,276,167
GD144_4,30,113.3668,23.1625,224,285,149,1723,283,30,65,798,113,773,136,81,34,5424,329,95,234,276,167
GD144_5,30,113.3668,23.1625,224,285,149,1723,283,30,65,798,113,773,136,81,34,5424,329,95,234,276,167
GD145_1,30,113.4873,23.6192,215,280,136,1955,361,32,67,928,124,802,169,85,34,5708,327,81,246,246,154
GD145_2,30,113.4873,23.6192,215,280,136,1955,361,32,67,928,124,802,169,85,34,5708,327,81,246,246,154
GD145_3,30,113.4873,23.6192,215,280,136,1955,361,32,67,928,124,802,169,85,34,5708,327,81,246,246,154
GD145_4,30,113.4873,23.6192,215,280,136,1955,361,32,67,928,124,802,169,85,34,5708,327,81,246,246,154
GD145_5,30,113.4873,23.6192,215,280,136,1955,361,32,67,928,124,802,169,85,34,5708,327,81,246,246,154
GD146_1,30,113.4873,23.6192,215,280,136,1955,361,32,67,928,124,802,169,85,34,5708,327,81,246,246,154
GD146_4,30,113.4873,23.6192,215,280,136,1955,361,32,67,928,124,802,169,85,34,5708,327,81,246,246,154
GD146_5,30,113.4873,23.6192,215,280,136,1955,361,32,67,928,124,802,169,85,34,5708,327,81,246,246,154
GD148_1,30,113.6252,23.5895,217,281,137,1972,367,32,67,938,126,809,172,85,34,5686,328,82,246,247,155
GD148_2,30,113.6252,23.5895,217,281,137,1972,367,32,67,938,126,809,172,85,34,5686,328,82,246,247,155
GD148_3,30,113.6252,23.5895,217,281,137,1972,367,32,67,938,126,809,172,85,34,5686,328,82,246,247,155
GD148_4,30,113.6252,23.5895,217,281,137,1972,367,32,67,938,126,809,172,85,34,5686,328,82,246,247,155
GD148_5,30,113.6252,23.5895,217,281,137,1972,367,32,67,938,126,809,172,85,34,5686,328,82,246,247,155
GD148_6,30,113.6252,23.5895,217,281,137,1972,367,32,67,938,126,809,172,85,34,5686,328,82,246,247,155
GS17_1,1780,104.6267,35.0094,78,180,-35,512,98,2,81,271,10,259,10,106,30,8279,243,-103,346,169,-35
GS17_2,1780,104.6267,35.0094,78,180,-35,512,98,2,81,271,10,259,10,106,30,8279,243,-103,346,169,-35
GS17_3,1780,104.6267,35.0094,78,180,-35,512,98,2,81,271,10,259,10,106,30,8279,243,-103,346,169,-35
GS17_4,1780,104.6267,35.0094,78,180,-35,512,98,2,81,271,10,259,10,106,30,8279,243,-103,346,169,-35
GS17_5,1780,104.6267,35.0094,78,180,-35,512,98,2,81,271,10,259,10,106,30,8279,243,-103,346,169,-35
GS18_1,1780,104.6267,35.0094,78,180,-35,512,98,2,81,271,10,259,10,106,30,8279,243,-103,346,169,-35
GS18_2,1780,104.6267,35.0094,78,180,-35,512,98,2,81,271,10,259,10,106,30,8279,243,-103,346,169,-35
GS18_3,1780,104.6267,35.0094,78,180,-35,512,98,2,81,271,10,259,10,106,30,8279,243,-103,346,169,-35
GS18_4,1780,104.6267,35.0094,78,180,-35,512,98,2,81,271,10,259,10,106,30,8279,243,-103,346,169,-35
GS18_5,1780,104.6267,35.0094,78,180,-35,512,98,2,81,271,10,259,10,106,30,8279,243,-103,346,169,-35
GS24_1,1780,104.6267,35.0094,78,180,-35,512,98,2,81,271,10,259,10,106,30,8279,243,-103,346,169,-35
GS24_3,1780,104.6267,35.0094,78,180,-35,512,98,2,81,271,10,259,10,106,30,8279,243,-103,346,169,-35
GS24_4,1780,104.6267,35.0094,78,180,-35,512,98,2,81,271,10,259,10,106,30,8279,243,-103,346,169,-35
GS24_5,1780,104.6267,35.0094,78,180,-35,512,98,2,81,271,10,259,10,106,30,8279,243,-103,346,169,-35
GS33_1,1680,103.8083,36.0725,88,204,-44,348,84,2,88,205,7,189,7,131,31,9569,278,-132,410,190,-44
GS33_2,1680,103.8083,36.0725,88,204,-44,348,84,2,88,205,7,189,7,131,31,9569,278,-132,410,190,-44
GS33_3,1680,103.8083,36.0725,88,204,-44,348,84,2,88,205,7,189,7,131,31,9569,278,-132,410,190,-44
GS33_4,1680,103.8083,36.0725,88,204,-44,348,84,2,88,205,7,189,7,131,31,9569,278,-132,410,190,-44
GS33_5,1680,103.8083,36.0725,88,204,-44,348,84,2,88,205,7,189,7,131,31,9569,278,-132,410,190,-44
GS35_2,1140,104.9364,33.3769,120,210,21,587,111,3,79,304,12,288,12,101,32,7246,270,-43,313,200,21
GS35_3,1140,104.9364,33.3769,120,210,21,587,111,3,79,304,12,288,12,101,32,7246,270,-43,313,200,21
GS35_4,1140,104.9364,33.3769,120,210,21,587,111,3,79,304,12,288,12,101,32,7246,270,-43,313,200,21
GS36_1,1140,104.9364,33.3769,120,210,21,587,111,3,79,304,12,288,12,101,32,7246,270,-43,313,200,21
GS36_2,1140,104.9364,33.3769,120,210,21,587,111,3,79,304,12,288,12,101,32,7246,270,-43,313,200,21
GS36_3,1140,104.9364,33.3769,120,210,21,587,111,3,79,304,12,288,12,101,32,7246,270,-43,313,200,21
GS36_4,1140,104.9364,33.3769,120,210,21,587,111,3,79,304,12,288,12,101,32,7246,270,-43,313,200,21
GS36_5,1140,104.9364,33.3769,120,210,21,587,111,3,79,304,12,288,12,101,32,7246,270,-43,313,200,21
GS44_1,1240,104.7752,33.1858,79,164,-13,701,127,4,76,351,17,335,17,110,35,6790,226,-86,312,156,-13
GS44_2,1240,104.7752,33.1858,79,164,-13,701,127,4,76,351,17,335,17,110,35,6790,226,-86,312,156,-13
GS44_3,1240,104.7752,33.1858,79,164,-13,701,127,4,76,351,17,335,17,110,35,6790,226,-86,312,156,-13
GS44_4,1240,104.7752,33.1858,79,164,-13,701,127,4,76,351,17,335,17,110,35,6790,226,-86,312,156,-13
GS44_5,1240,104.7752,33.1858,79,164,-13,701,127,4,76,351,17,335,17,110,35,6790,226,-86,312,156,-13
GS47_1,1240,104.7752,33.1858,79,164,-13,701,127,4,76,351,17,335,17,110,35,6790,226,-86,312,156,-13
GS47_2,1240,104.7752,33.1858,79,164,-13,701,127,4,76,351,17,335,17,110,35,6790,226,-86,312,156,-13
GS47_3,1240,104.7752,33.1858,79,164,-13,701,127,4,76,351,17,335,17,110,35,6790,226,-86,312,156,-13
GS47_4,1240,104.7752,33.1858,79,164,-13,701,127,4,76,351,17,335,17,110,35,6790,226,-86,312,156,-13
GS47_5,1240,104.7752,33.1858,79,164,-13,701,127,4,76,351,17,335,17,110,35,6790,226,-86,312,156,-13
GS51_1,1240,104.7752,33.1858,79,164,-13,701,127,4,76,351,17,335,17,110,35,6790,226,-86,312,156,-13
GS51_2,1240,104.7752,33.1858,79,164,-13,701,127,4,76,351,17,335,17,110,35,6790,226,-86,312,156,-13
GS51_3,1240,104.7752,33.1858,79,164,-13,701,127,4,76,351,17,335,17,110,35,6790,226,-86,312,156,-13
GS51_4,1240,104.7752,33.1858,79,164,-13,701,127,4,76,351,17,335,17,110,35,6790,226,-86,312,156,-13
GS51_5,1240,104.7752,33.1858,79,164,-13,701,127,4,76,351,17,335,17,110,35,6790,226,-86,312,156,-13
GS55_2,1240,104.7752,33.1858,79,164,-13,701,127,4,76,351,17,335,17,110,35,6790,226,-86,312,156,-13
GS55_3,1240,104.7752,33.1858,79,164,-13,701,127,4,76,351,17,335,17,110,35,6790,226,-86,312,156,-13
GS55_4,1240,104.7752,33.1858,79,164,-13,701,127,4,76,351,17,335,17,110,35,6790,226,-86,312,156,-13
HB20_1,193,111.0838,32.5078,155,265,39,852,160,17,62,402,56,383,56,107,30,8697,323,-26,349,253,39
HB20_2,193,111.0838,32.5078,155,265,39,852,160,17,62,402,56,383,56,107,30,8697,323,-26,349,253,39
HB20_3,193,111.0838,32.5078,155,265,39,852,160,17,62,402,56,383,56,107,30,8697,323,-26,349,253,39
HB20_4,193,111.0838,32.5078,155,265,39,852,160,17,62,402,56,383,56,107,30,8697,323,-26,349,253,39
HB20_5,193,111.0838,32.5078,155,265,39,852,160,17,62,402,56,383,56,107,30,8697,323,-26,349,253,39
HL103_3,330,129.735,44.4794,27,190,-159,584,137,4,92,356,19,356,19,123,24,13515,256,-244,500,190,-159
HL103_4,330,129.735,44.4794,27,190,-159,584,137,4,92,356,19,356,19,123,24,13515,256,-244,500,190,-159
HL103_5,330,129.735,44.4794,27,190,-159,584,137,4,92,356,19,356,19,123,24,13515,256,-244,500,190,-159
HL105_1,330,129.735,44.4794,27,190,-159,584,137,4,92,356,19,356,19,123,24,13515,256,-244,500,190,-159
HL105_2,330,129.735,44.4794,27,190,-159,584,137,4,92,356,19,356,19,123,24,13515,256,-244,500,190,-159
HL105_3,330,129.735,44.4794,27,190,-159,584,137,4,92,356,19,356,19,123,24,13515,256,-244,500,190,-159
HL105_4,330,129.735,44.4794,27,190,-159,584,137,4,92,356,19,356,19,123,24,13515,256,-244,500,190,-159
HL105_5,330,129.735,44.4794,27,190,-159,584,137,4,92,356,19,356,19,123,24,13515,256,-244,500,190,-159
HL113_1,240,129.6203,45.1519,26,195,-167,591,136,5,93,365,20,365,20,124,24,13982,262,-254,516,195,-167
HL113_2,240,129.6203,45.1519,26,195,-167,591,136,5,93,365,20,365,20,124,24,13982,262,-254,516,195,-167
HL113_3,240,129.6203,45.1519,26,195,-167,591,136,5,93,365,20,365,20,124,24,13982,262,-254,516,195,-167
HL113_4,240,129.6203,45.1519,26,195,-167,591,136,5,93,365,20,365,20,124,24,13982,262,-254,516,195,-167
HL113_5,240,129.6203,45.1519,26,195,-167,591,136,5,93,365,20,365,20,124,24,13982,262,-254,516,195,-167
HL114_1,240,129.6203,45.1519,26,195,-167,591,136,5,93,365,20,365,20,124,24,13982,262,-254,516,195,-167
HL114_2,240,129.6203,45.1519,26,195,-167,591,136,5,93,365,20,365,20,124,24,13982,262,-254,516,195,-167
HL114_3,240,129.6203,45.1519,26,195,-167,591,136,5,93,365,20,365,20,124,24,13982,262,-254,516,195,-167
HL114_4,240,129.6203,45.1519,26,195,-167,591,136,5,93,365,20,365,20,124,24,13982,262,-254,516,195,-167
HL114_5,240,129.6203,45.1519,26,195,-167,591,136,5,93,365,20,365,20,124,24,13982,262,-254,516,195,-167
HL115_1,240,129.6203,45.1519,26,195,-167,591,136,5,93,365,20,365,20,124,24,13982,262,-254,516,195,-167
HL115_2,240,129.6203,45.1519,26,195,-167,591,136,5,93,365,20,365,20,124,24,13982,262,-254,516,195,-167
HL115_3,240,129.6203,45.1519,26,195,-167,591,136,5,93,365,20,365,20,124,24,13982,262,-254,516,195,-167
HL115_4,240,129.6203,45.1519,26,195,-167,591,136,5,93,365,20,365,20,124,24,13982,262,-254,516,195,-167
HL115_5,240,129.6203,45.1519,26,195,-167,591,136,5,93,365,20,365,20,124,24,13982,262,-254,516,195,-167
HL116_1,240,129.6203,45.1519,26,195,-167,591,136,5,93,365,20,365,20,124,24,13982,262,-254,516,195,-167
HL116_2,240,129.6203,45.1519,26,195,-167,591,136,5,93,365,20,365,20,124,24,13982,262,-254,516,195,-167
HL116_3,240,129.6203,45.1519,26,195,-167,591,136,5,93,365,20,365,20,124,24,13982,262,-254,516,195,-167
HL116_4,240,129.6203,45.1519,26,195,-167,591,136,5,93,365,20,365,20,124,24,13982,262,-254,516,195,-167
HL116_5,240,129.6203,45.1519,26,195,-167,591,136,5,93,365,20,365,20,124,24,13982,262,-254,516,195,-167
HL120_1,250,129.5906,44.6011,40,204,-148,553,128,4,91,337,18,337,18,124,24,13646,270,-236,506,204,-148
HL120_2,250,129.5906,44.6011,40,204,-148,553,128,4,91,337,18,337,18,124,24,13646,270,-236,506,204,-148
HL120_3,250,129.5906,44.6011,40,204,-148,553,128,4,91,337,18,337,18,124,24,13646,270,-236,506,204,-148
HL120_4,250,129.5906,44.6011,40,204,-148,553,128,4,91,337,18,337,18,124,24,13646,270,-236,506,204,-148
HL120_5,250,129.5906,44.6011,40,204,-148,553,128,4,91,337,18,337,18,124,24,13646,270,-236,506,204,-148
HL121_1,250,129.5906,44.6011,40,204,-148,553,128,4,91,337,18,337,18,124,24,13646,270,-236,506,204,-148
HL121_2,250,129.5906,44.6011,40,204,-148,553,128,4,91,337,18,337,18,124,24,13646,270,-236,506,204,-148
HL121_3,250,129.5906,44.6011,40,204,-148,553,128,4,91,337,18,337,18,124,24,13646,270,-236,506,204,-148
HL121_4,250,129.5906,44.6011,40,204,-148,553,128,4,91,337,18,337,18,124,24,13646,270,-236,506,204,-148
HL121_5,250,129.5906,44.6011,40,204,-148,553,128,4,91,337,18,337,18,124,24,13646,270,-236,506,204,-148
HL121_6,250,129.5906,44.6011,40,204,-148,553,128,4,91,337,18,337,18,124,24,13646,270,-236,506,204,-148
HL123_1,250,129.5906,44.6011,40,204,-148,553,128,4,91,337,18,337,18,124,24,13646,270,-236,506,204,-148
HL123_2,250,129.5906,44.6011,40,204,-148,553,128,4,91,337,18,337,18,124,24,13646,270,-236,506,204,-148
HL123_3,250,129.5906,44.6011,40,204,-148,553,128,4,91,337,18,337,18,124,24,13646,270,-236,506,204,-148
HL123_4,250,129.5906,44.6011,40,204,-148,553,128,4,91,337,18,337,18,124,24,13646,270,-236,506,204,-148
HL123_5,250,129.5906,44.6011,40,204,-148,553,128,4,91,337,18,337,18,124,24,13646,270,-236,506,204,-148
HL124_1,250,129.5906,44.6011,40,204,-148,553,128,4,91,337,18,337,18,124,24,13646,270,-236,506,204,-148
HL124_2,250,129.5906,44.6011,40,204,-148,553,128,4,91,337,18,337,18,124,24,13646,270,-236,506,204,-148
HL124_3,250,129.5906,44.6011,40,204,-148,553,128,4,91,337,18,337,18,124,24,13646,270,-236,506,204,-148
HL125_1,250,129.5906,44.6011,40,204,-148,553,128,4,91,337,18,337,18,124,24,13646,270,-236,506,204,-148
HL125_2,250,129.5906,44.6011,40,204,-148,553,128,4,91,337,18,337,18,124,24,13646,270,-236,506,204,-148
HL125_3,250,129.5906,44.6011,40,204,-148,553,128,4,91,337,18,337,18,124,24,13646,270,-236,506,204,-148
HL125_4,250,129.5906,44.6011,40,204,-148,553,128,4,91,337,18,337,18,124,24,13646,270,-236,506,204,-148
HL125_5,250,129.5906,44.6011,40,204,-148,553,128,4,91,337,18,337,18,124,24,13646,270,-236,506,204,-148
HL134_1,140,126.6881,45.7867,34,212,-170,557,163,4,104,365,15,365,15,124,23,14756,280,-258,538,212,-170
HL134_2,140,126.6881,45.7867,34,212,-170,557,163,4,104,365,15,365,15,124,23,14756,280,-258,538,212,-170
HL134_3,140,126.6881,45.7867,34,212,-170,557,163,4,104,365,15,365,15,124,23,14756,280,-258,538,212,-170
HL134_4,140,126.6881,45.7867,34,212,-170,557,163,4,104,365,15,365,15,124,23,14756,280,-258,538,212,-170
HL137_1,140,126.6881,45.7867,34,212,-170,557,163,4,104,365,15,365,15,124,23,14756,280,-258,538,212,-170
HL137_2,140,126.6881,45.7867,34,212,-170,557,163,4,104,365,15,365,15,124,23,14756,280,-258,538,212,-170
HL137_3,140,126.6881,45.7867,34,212,-170,557,163,4,104,365,15,365,15,124,23,14756,280,-258,538,212,-170
HL137_4,140,126.6881,45.7867,34,212,-170,557,163,4,104,365,15,365,15,124,23,14756,280,-258,538,212,-170
HL137_5,140,126.6881,45.7867,34,212,-170,557,163,4,104,365,15,365,15,124,23,14756,280,-258,538,212,-170
HN242_1,82,112.9479,28.1943,177,287,58,1386,208,45,47,597,177,434,195,76,23,8848,344,15,329,221,83
HN242_2,82,112.9479,28.1943,177,287,58,1386,208,45,47,597,177,434,195,76,23,8848,344,15,329,221,83
HN242_3,82,112.9479,28.1943,177,287,58,1386,208,45,47,597,177,434,195,76,23,8848,344,15,329,221,83
HN242_4,82,112.9479,28.1943,177,287,58,1386,208,45,47,597,177,434,195,76,23,8848,344,15,329,221,83
HN242_5,82,112.9479,28.1943,177,287,58,1386,208,45,47,597,177,434,195,76,23,8848,344,15,329,221,83
HN245_1,82,112.9479,28.1943,177,287,58,1386,208,45,47,597,177,434,195,76,23,8848,344,15,329,221,83
HN245_2,82,112.9479,28.1943,177,287,58,1386,208,45,47,597,177,434,195,76,23,8848,344,15,329,221,83
HN245_3,82,112.9479,28.1943,177,287,58,1386,208,45,47,597,177,434,195,76,23,8848,344,15,329,221,83
HN245_4,82,112.9479,28.1943,177,287,58,1386,208,45,47,597,177,434,195,76,23,8848,344,15,329,221,83
HN245_5,82,112.9479,28.1943,177,287,58,1386,208,45,47,597,177,434,195,76,23,8848,344,15,329,221,83
HN248_1,82,112.9479,28.1943,177,287,58,1386,208,45,47,597,177,434,195,76,23,8848,344,15,329,221,83
HN248_2,82,112.9479,28.1943,177,287,58,1386,208,45,47,597,177,434,195,76,23,8848,344,15,329,221,83
HN248_3,82,112.9479,28.1943,177,287,58,1386,208,45,47,597,177,434,195,76,23,8848,344,15,329,221,83
HN262_1,1452,110.4804,29.0486,159,258,53,1445,240,36,55,636,120,583,120,80,26,7914,313,8,305,236,53
HN262_2,1452,110.4804,29.0486,159,258,53,1445,240,36,55,636,120,583,120,80,26,7914,313,8,305,236,53
HN262_3,1452,110.4804,29.0486,159,258,53,1445,240,36,55,636,120,583,120,80,26,7914,313,8,305,236,53
HN262_4,1452,110.4804,29.0486,159,258,53,1445,240,36,55,636,120,583,120,80,26,7914,313,8,305,236,53
HN262_5,1452,110.4804,29.0486,159,258,53,1445,240,36,55,636,120,583,120,80,26,7914,313,8,305,236,53
HN269_1,1452,110.4804,29.0486,159,258,53,1445,240,36,55,636,120,583,120,80,26,7914,313,8,305,236,53
HN269_2,1452,110.4804,29.0486,159,258,53,1445,240,36,55,636,120,583,120,80,26,7914,313,8,305,236,53
HN269_3,1452,110.4804,29.0486,159,258,53,1445,240,36,55,636,120,583,120,80,26,7914,313,8,305,236,53
HN269_4,1452,110.4804,29.0486,159,258,53,1445,240,36,55,636,120,583,120,80,26,7914,313,8,305,236,53
HN269_5,1452,110.4804,29.0486,159,258,53,1445,240,36,55,636,120,583,120,80,26,7914,313,8,305,236,53
HN274_1,246,110.4943,29.1232,159,258,53,1445,240,36,55,636,120,583,120,80,26,7914,313,8,305,236,53
HN274_2,246,110.4943,29.1232,159,258,53,1445,240,36,55,636,120,583,120,80,26,7914,313,8,305,236,53
HN274_3,246,110.4943,29.1232,159,258,53,1445,240,36,55,636,120,583,120,80,26,7914,313,8,305,236,53
HN274_4,246,110.4943,29.1232,159,258,53,1445,240,36,55,636,120,583,120,80,26,7914,313,8,305,236,53
HN274_5,246,110.4943,29.1232,159,258,53,1445,240,36,55,636,120,583,120,80,26,7914,313,8,305,236,53
HN276_1,246,110.4943,29.1232,159,258,53,1445,240,36,55,636,120,583,120,80,26,7914,313,8,305,236,53
HN276_2,246,110.4943,29.1232,159,258,53,1445,240,36,55,636,120,583,120,80,26,7914,313,8,305,236,53
HN276_3,246,110.4943,29.1232,159,258,53,1445,240,36,55,636,120,583,120,80,26,7914,313,8,305,236,53
HN276_4,246,110.4943,29.1232,159,258,53,1445,240,36,55,636,120,583,120,80,26,7914,313,8,305,236,53
HN276_5,246,110.4943,29.1232,159,258,53,1445,240,36,55,636,120,583,120,80,26,7914,313,8,305,236,53
HN278_1,246,110.4943,29.1232,159,258,53,1445,240,36,55,636,120,583,120,80,26,7914,313,8,305,236,53
HN278_2,246,110.4943,29.1232,159,258,53,1445,240,36,55,636,120,583,120,80,26,7914,313,8,305,236,53
HN278_3,246,110.4943,29.1232,159,258,53,1445,240,36,55,636,120,583,120,80,26,7914,313,8,305,236,53
HN278_4,246,110.4943,29.1232,159,258,53,1445,240,36,55,636,120,583,120,80,26,7914,313,8,305,236,53
HN278_5,246,110.4943,29.1232,159,258,53,1445,240,36,55,636,120,583,120,80,26,7914,313,8,305,236,53
HN283_1,525,109.6059,27.9379,165,263,59,1294,212,34,53,550,116,479,116,81,26,7878,318,15,303,206,59
HN283_2,525,109.6059,27.9379,165,263,59,1294,212,34,53,550,116,479,116,81,26,7878,318,15,303,206,59
HN283_3,525,109.6059,27.9379,165,263,59,1294,212,34,53,550,116,479,116,81,26,7878,318,15,303,206,59
HN283_4,525,109.6059,27.9379,165,263,59,1294,212,34,53,550,116,479,116,81,26,7878,318,15,303,206,59
HN293_1,525,109.6059,27.9379,165,263,59,1294,212,34,53,550,116,479,116,81,26,7878,318,15,303,206,59
HN293_2,525,109.6059,27.9379,165,263,59,1294,212,34,53,550,116,479,116,81,26,7878,318,15,303,206,59
HN293_3,525,109.6059,27.9379,165,263,59,1294,212,34,53,550,116,479,116,81,26,7878,318,15,303,206,59
HN293_4,525,109.6059,27.9379,165,263,59,1294,212,34,53,550,116,479,116,81,26,7878,318,15,303,206,59
HN293_5,525,109.6059,27.9379,165,263,59,1294,212,34,53,550,116,479,116,81,26,7878,318,15,303,206,59
HN294_1,525,109.6059,27.9379,165,263,59,1294,212,34,53,550,116,479,116,81,26,7878,318,15,303,206,59
HN294_2,525,109.6059,27.9379,165,263,59,1294,212,34,53,550,116,479,116,81,26,7878,318,15,303,206,59
HN294_3,525,109.6059,27.9379,165,263,59,1294,212,34,53,550,116,479,116,81,26,7878,318,15,303,206,59
HN294_4,525,109.6059,27.9379,165,263,59,1294,212,34,53,550,116,479,116,81,26,7878,318,15,303,206,59
HN294_5,525,109.6059,27.9379,165,263,59,1294,212,34,53,550,116,479,116,81,26,7878,318,15,303,206,59
HN318_1,188,112.8574,27.2352,180,285,67,1661,204,47,41,600,194,577,195,78,24,8483,342,23,319,222,90
HN318_2,188,112.8574,27.2352,180,285,67,1661,204,47,41,600,194,577,195,78,24,8483,342,23,319,222,90
HN318_3,188,112.8574,27.2352,180,285,67,1661,204,47,41,600,194,577,195,78,24,8483,342,23,319,222,90
HN318_4,188,112.8574,27.2352,180,285,67,1661,204,47,41,600,194,577,195,78,24,8483,342,23,319,222,90
HN318_5,188,112.8574,27.2352,180,285,67,1661,204,47,41,600,194,577,195,78,24,8483,342,23,319,222,90
HN324_1,740,112.7054,27.2735,171,275,60,1735,213,49,41,617,199,610,199,75,24,8392,329,17,312,214,60
HN324_2,740,112.7054,27.2735,171,275,60,1735,213,49,41,617,199,610,199,75,24,8392,329,17,312,214,60
HN324_3,740,112.7054,27.2735,171,275,60,1735,213,49,41,617,199,610,199,75,24,8392,329,17,312,214,60
HN324_4,740,112.7054,27.2735,171,275,60,1735,213,49,41,617,199,610,199,75,24,8392,329,17,312,214,60
HN324_5,740,112.7054,27.2735,171,275,60,1735,213,49,41,617,199,610,199,75,24,8392,329,17,312,214,60
HN329_1,740,112.7054,27.2735,171,275,60,1735,213,49,41,617,199,610,199,75,24,8392,329,17,312,214,60
HN329_2,740,112.7054,27.2735,171,275,60,1735,213,49,41,617,199,610,199,75,24,8392,329,17,312,214,60
HN329_3,740,112.7054,27.2735,171,275,60,1735,213,49,41,617,199,610,199,75,24,8392,329,17,312,214,60
HN329_4,740,112.7054,27.2735,171,275,60,1735,213,49,41,617,199,610,199,75,24,8392,329,17,312,214,60
HN329_5,740,112.7054,27.2735,171,275,60,1735,213,49,41,617,199,610,199,75,24,8392,329,17,312,214,60
HN330_1,740,112.7054,27.2735,171,275,60,1735,213,49,41,617,199,610,199,75,24,8392,329,17,312,214,60
HN330_2,740,112.7054,27.2735,171,275,60,1735,213,49,41,617,199,610,199,75,24,8392,329,17,312,214,60
HN330_3,740,112.7054,27.2735,171,275,60,1735,213,49,41,617,199,610,199,75,24,8392,329,17,312,214,60
HN330_4,740,112.7054,27.2735,171,275,60,1735,213,49,41,617,199,610,199,75,24,8392,329,17,312,214,60
HN330_5,740,112.7054,27.2735,171,275,60,1735,213,49,41,617,199,610,199,75,24,8392,329,17,312,214,60
HN332_1,740,112.7054,27.2735,171,275,60,1735,213,49,41,617,199,610,199,75,24,8392,329,17,312,214,60
HN332_2,740,112.7054,27.2735,171,275,60,1735,213,49,41,617,199,610,199,75,24,8392,329,17,312,214,60
HN332_3,740,112.7054,27.2735,171,275,60,1735,213,49,41,617,199,610,199,75,24,8392,329,17,312,214,60
HN332_4,740,112.7054,27.2735,171,275,60,1735,213,49,41,617,199,610,199,75,24,8392,329,17,312,214,60
HN332_5,740,112.7054,27.2735,171,275,60,1735,213,49,41,617,199,610,199,75,24,8392,329,17,312,214,60
HN337_1,740,112.7054,27.2735,171,275,60,1735,213,49,41,617,199,610,199,75,24,8392,329,17,312,214,60
HN337_2,740,112.7054,27.2735,171,275,60,1735,213,49,41,617,199,610,199,75,24,8392,329,17,312,214,60
HN337_3,740,112.7054,27.2735,171,275,60,1735,213,49,41,617,199,610,199,75,24,8392,329,17,312,214,60
HN337_4,740,112.7054,27.2735,171,275,60,1735,213,49,41,617,199,610,199,75,24,8392,329,17,312,214,60
HN337_5,740,112.7054,27.2735,171,275,60,1735,213,49,41,617,199,610,199,75,24,8392,329,17,312,214,60
JL18_1,630,126.3864,42.3411,34,197,-158,824,209,9,94,510,32,510,32,130,24,13678,263,-262,525,197,-158
JL18_2,630,126.3864,42.3411,34,197,-158,824,209,9,94,510,32,510,32,130,24,13678,263,-262,525,197,-158
JL18_3,630,126.3864,42.3411,34,197,-158,824,209,9,94,510,32,510,32,130,24,13678,263,-262,525,197,-158
JL18_4,630,126.3864,42.3411,34,197,-158,824,209,9,94,510,32,510,32,130,24,13678,263,-262,525,197,-158
JL33_1,700,128.1206,42.4367,25,179,-151,688,162,7,92,426,26,426,26,128,26,12767,246,-241,487,179,-151
JL33_2,700,128.1206,42.4367,25,179,-151,688,162,7,92,426,26,426,26,128,26,12767,246,-241,487,179,-151
JL33_4,700,128.1206,42.4367,25,179,-151,688,162,7,92,426,26,426,26,128,26,12767,246,-241,487,179,-151
JL33_5,700,128.1206,42.4367,25,179,-151,688,162,7,92,426,26,426,26,128,26,12767,246,-241,487,179,-151
JL37_1,700,128.1206,42.4367,25,179,-151,688,162,7,92,426,26,426,26,128,26,12767,246,-241,487,179,-151
JL37_2,700,128.1206,42.4367,25,179,-151,688,162,7,92,426,26,426,26,128,26,12767,246,-241,487,179,-151
JL37_3,700,128.1206,42.4367,25,179,-151,688,162,7,92,426,26,426,26,128,26,12767,246,-241,487,179,-151
JL37_4,700,128.1206,42.4367,25,179,-151,688,162,7,92,426,26,426,26,128,26,12767,246,-241,487,179,-151
JL37_5,700,128.1206,42.4367,25,179,-151,688,162,7,92,426,26,426,26,128,26,12767,246,-241,487,179,-151
JL42_1,220,128.3097,43.8553,15,178,-170,673,164,5,96,427,20,427,20,130,25,13450,244,-262,506,178,-170
JL42_2,220,128.3097,43.8553,15,178,-170,673,164,5,96,427,20,427,20,130,25,13450,244,-262,506,178,-170
JL42_3,220,128.3097,43.8553,15,178,-170,673,164,5,96,427,20,427,20,130,25,13450,244,-262,506,178,-170
JL42_4,220,128.3097,43.8553,15,178,-170,673,164,5,96,427,20,427,20,130,25,13450,244,-262,506,178,-170
JL45_1,220,128.3097,43.8553,15,178,-170,673,164,5,96,427,20,427,20,130,25,13450,244,-262,506,178,-170
JL45_2,220,128.3097,43.8553,15,178,-170,673,164,5,96,427,20,427,20,130,25,13450,244,-262,506,178,-170
JL45_3,220,128.3097,43.8553,15,178,-170,673,164,5,96,427,20,427,20,130,25,13450,244,-262,506,178,-170
JL45_4,220,128.3097,43.8553,15,178,-170,673,164,5,96,427,20,427,20,130,25,13450,244,-262,506,178,-170
JL47_1,220,128.3097,43.8553,15,178,-170,673,164,5,96,427,20,427,20,130,25,13450,244,-262,506,178,-170
JL47_2,220,128.3097,43.8553,15,178,-170,673,164,5,96,427,20,427,20,130,25,13450,244,-262,506,178,-170
JL47_3,220,128.3097,43.8553,15,178,-170,673,164,5,96,427,20,427,20,130,25,13450,244,-262,506,178,-170
JL47_4,220,128.3097,43.8553,15,178,-170,673,164,5,96,427,20,427,20,130,25,13450,244,-262,506,178,-170
JL47_5,220,128.3097,43.8553,15,178,-170,673,164,5,96,427,20,427,20,130,25,13450,244,-262,506,178,-170
JL50_1,220,128.3097,43.8553,15,178,-170,673,164,5,96,427,20,427,20,130,25,13450,244,-262,506,178,-170
JL50_2,220,128.3097,43.8553,15,178,-170,673,164,5,96,427,20,427,20,130,25,13450,244,-262,506,178,-170
JL50_3,220,128.3097,43.8553,15,178,-170,673,164,5,96,427,20,427,20,130,25,13450,244,-262,506,178,-170
JL50_4,220,128.3097,43.8553,15,178,-170,673,164,5,96,427,20,427,20,130,25,13450,244,-262,506,178,-170
JL50_5,220,128.3097,43.8553,15,178,-170,673,164,5,96,427,20,427,20,130,25,13450,244,-262,506,178,-170
JX13_1,420,115.4208,25.0003,184,260,95,1716,289,38,58,786,139,611,198,85,31,6483,312,39,273,219,112
JX13_2,420,115.4208,25.0003,184,260,95,1716,289,38,58,786,139,611,198,85,31,6483,312,39,273,219,112
JX13_3,420,115.4208,25.0003,184,260,95,1716,289,38,58,786,139,611,198,85,31,6483,312,39,273,219,112
JX20_1,980,114.1244,26.5819,145,237,45,1728,261,51,47,734,187,557,225,75,25,7455,288,-3,291,184,64
JX20_2,980,114.1244,26.5819,145,237,45,1728,261,51,47,734,187,557,225,75,25,7455,288,-3,291,184,64
JX20_3,980,114.1244,26.5819,145,237,45,1728,261,51,47,734,187,557,225,75,25,7455,288,-3,291,184,64
JX20_4,980,114.1244,26.5819,145,237,45,1728,261,51,47,734,187,557,225,75,25,7455,288,-3,291,184,64
JX20_5,980,114.1244,26.5819,145,237,45,1728,261,51,47,734,187,557,225,75,25,7455,288,-3,291,184,64
JX26_1,980,114.1244,26.5819,145,237,45,1728,261,51,47,734,187,557,225,75,25,7455,288,-3,291,184,64
JX26_2,980,114.1244,26.5819,145,237,45,1728,261,51,47,734,187,557,225,75,25,7455,288,-3,291,184,64
JX26_3,980,114.1244,26.5819,145,237,45,1728,261,51,47,734,187,557,225,75,25,7455,288,-3,291,184,64
JX26_4,980,114.1244,26.5819,145,237,45,1728,261,51,47,734,187,557,225,75,25,7455,288,-3,291,184,64
JX26_5,980,114.1244,26.5819,145,237,45,1728,261,51,47,734,187,557,225,75,25,7455,288,-3,291,184,64
JX31_1,210,113.8378,27.6714,173,275,63,1595,239,49,46,676,194,489,224,82,25,8231,335,15,320,215,84
JX31_2,210,113.8378,27.6714,173,275,63,1595,239,49,46,676,194,489,224,82,25,8231,335,15,320,215,84
JX31_3,210,113.8378,27.6714,173,275,63,1595,239,49,46,676,194,489,224,82,25,8231,335,15,320,215,84
JX31_4,210,113.8378,27.6714,173,275,63,1595,239,49,46,676,194,489,224,82,25,8231,335,15,320,215,84
JX31_5,210,113.8378,27.6714,173,275,63,1595,239,49,46,676,194,489,224,82,25,8231,335,15,320,215,84
JX34_1,1280,114.1672,27.4606,161,259,55,1658,246,52,47,709,196,517,229,79,25,7910,316,8,308,202,75
JX34_2,1280,114.1672,27.4606,161,259,55,1658,246,52,47,709,196,517,229,79,25,7910,316,8,308,202,75
JX34_3,1280,114.1672,27.4606,161,259,55,1658,246,52,47,709,196,517,229,79,25,7910,316,8,308,202,75
JX34_4,1280,114.1672,27.4606,161,259,55,1658,246,52,47,709,196,517,229,79,25,7910,316,8,308,202,75
JX34_5,1280,114.1672,27.4606,161,259,55,1658,246,52,47,709,196,517,229,79,25,7910,316,8,308,202,75
JX35_K_1,1280,114.1672,27.4606,161,259,55,1658,246,52,47,709,196,517,229,79,25,7910,316,8,308,202,75
JX35_K_2,1280,114.1672,27.4606,161,259,55,1658,246,52,47,709,196,517,229,79,25,7910,316,8,308,202,75
JX35_K_3,1280,114.1672,27.4606,161,259,55,1658,246,52,47,709,196,517,229,79,25,7910,316,8,308,202,75
JX35_Z_4,1280,114.1672,27.4606,161,259,55,1658,246,52,47,709,196,517,229,79,25,7910,316,8,308,202,75
JX35_Z_5,1280,114.1672,27.4606,161,259,55,1658,246,52,47,709,196,517,229,79,25,7910,316,8,308,202,75
JX35_Z_6,1280,114.1672,27.4606,161,259,55,1658,246,52,47,709,196,517,229,79,25,7910,316,8,308,202,75
JX38_1,1280,114.1672,27.4606,161,259,55,1658,246,52,47,709,196,517,229,79,25,7910,316,8,308,202,75
JX38_2,1280,114.1672,27.4606,161,259,55,1658,246,52,47,709,196,517,229,79,25,7910,316,8,308,202,75
JX38_3,1280,114.1672,27.4606,161,259,55,1658,246,52,47,709,196,517,229,79,25,7910,316,8,308,202,75
JX38_4,1280,114.1672,27.4606,161,259,55,1658,246,52,47,709,196,517,229,79,25,7910,316,8,308,202,75
JX40_1,1280,114.1672,27.4606,161,259,55,1658,246,52,47,709,196,517,229,79,25,7910,316,8,308,202,75
JX40_2,1280,114.1672,27.4606,161,259,55,1658,246,52,47,709,196,517,229,79,25,7910,316,8,308,202,75
JX40_3,1280,114.1672,27.4606,161,259,55,1658,246,52,47,709,196,517,229,79,25,7910,316,8,308,202,75
JX47_1,30,115.9114,28.685,177,281,67,732,106,26,43,297,91,244,91,77,24,8373,337,20,317,214,67
JX47_2,30,115.9114,28.685,177,281,67,732,106,26,43,297,91,244,91,77,24,8373,337,20,317,214,67
JX47_3,30,115.9114,28.685,177,281,67,732,106,26,43,297,91,244,91,77,24,8373,337,20,317,214,67
JX47_4,30,115.9114,28.685,177,281,67,732,106,26,43,297,91,244,91,77,24,8373,337,20,317,214,67
JX47_5,30,115.9114,28.685,177,281,67,732,106,26,43,297,91,244,91,77,24,8373,337,20,317,214,67
JX54_1,1040,115.9678,29.5703,161,267,49,1652,258,48,48,659,181,659,181,76,24,8448,321,5,316,267,49
JX54_2,1040,115.9678,29.5703,161,267,49,1652,258,48,48,659,181,659,181,76,24,8448,321,5,316,267,49
JX54_3,1040,115.9678,29.5703,161,267,49,1652,258,48,48,659,181,659,181,76,24,8448,321,5,316,267,49
JX54_4,1040,115.9678,29.5703,161,267,49,1652,258,48,48,659,181,659,181,76,24,8448,321,5,316,267,49
JX55_1,1040,115.9678,29.5703,161,267,49,1652,258,48,48,659,181,659,181,76,24,8448,321,5,316,267,49
JX55_2,1040,115.9678,29.5703,161,267,49,1652,258,48,48,659,181,659,181,76,24,8448,321,5,316,267,49
JX55_3,1040,115.9678,29.5703,161,267,49,1652,258,48,48,659,181,659,181,76,24,8448,321,5,316,267,49
JX55_4,1040,115.9678,29.5703,161,267,49,1652,258,48,48,659,181,659,181,76,24,8448,321,5,316,267,49
JX55_5,1040,115.9678,29.5703,161,267,49,1652,258,48,48,659,181,659,181,76,24,8448,321,5,316,267,49
JX59_1,1040,115.9678,29.5703,161,267,49,1652,258,48,48,659,181,659,181,76,24,8448,321,5,316,267,49
JX59_2,1040,115.9678,29.5703,161,267,49,1652,258,48,48,659,181,659,181,76,24,8448,321,5,316,267,49
JX59_3,1040,115.9678,29.5703,161,267,49,1652,258,48,48,659,181,659,181,76,24,8448,321,5,316,267,49
JX59_4,1040,115.9678,29.5703,161,267,49,1652,258,48,48,659,181,659,181,76,24,8448,321,5,316,267,49
JX59_5,1040,115.9678,29.5703,161,267,49,1652,258,48,48,659,181,659,181,76,24,8448,321,5,316,267,49
LN19_1,170,123.7356,42,78,233,-97,705,182,6,97,439,22,439,22,118,24,12766,294,-183,477,233,-97
LN19_2,170,123.7356,42,78,233,-97,705,182,6,97,439,22,439,22,118,24,12766,294,-183,477,233,-97
LN19_4,170,123.7356,42,78,233,-97,705,182,6,97,439,22,439,22,118,24,12766,294,-183,477,233,-97
LN24_1,170,123.7356,42,78,233,-97,705,182,6,97,439,22,439,22,118,24,12766,294,-183,477,233,-97
LN24_2,170,123.7356,42,78,233,-97,705,182,6,97,439,22,439,22,118,24,12766,294,-183,477,233,-97
LN24_3,170,123.7356,42,78,233,-97,705,182,6,97,439,22,439,22,118,24,12766,294,-183,477,233,-97
LN24_4,170,123.7356,42,78,233,-97,705,182,6,97,439,22,439,22,118,24,12766,294,-183,477,233,-97
LN24_5,170,123.7356,42,78,233,-97,705,182,6,97,439,22,439,22,118,24,12766,294,-183,477,233,-97
LN26_2,170,123.7356,42,78,233,-97,705,182,6,97,439,22,439,22,118,24,12766,294,-183,477,233,-97
LN26_3,170,123.7356,42,78,233,-97,705,182,6,97,439,22,439,22,118,24,12766,294,-183,477,233,-97
LN26_4,170,123.7356,42,78,233,-97,705,182,6,97,439,22,439,22,118,24,12766,294,-183,477,233,-97
LN26_5,170,123.7356,42,78,233,-97,705,182,6,97,439,22,439,22,118,24,12766,294,-183,477,233,-97
LN28_2,140,121.7161,41.61,86,233,-78,573,162,4,105,373,13,373,13,110,24,12077,289,-155,444,233,-78
LN28_3,140,121.7161,41.61,86,233,-78,573,162,4,105,373,13,373,13,110,24,12077,289,-155,444,233,-78
LN28_4,140,121.7161,41.61,86,233,-78,573,162,4,105,373,13,373,13,110,24,12077,289,-155,444,233,-78
LN28_5,140,121.7161,41.61,86,233,-78,573,162,4,105,373,13,373,13,110,24,12077,289,-155,444,233,-78
LN29_1,140,121.7161,41.61,86,233,-78,573,162,4,105,373,13,373,13,110,24,12077,289,-155,444,233,-78
LN29_2,140,121.7161,41.61,86,233,-78,573,162,4,105,373,13,373,13,110,24,12077,289,-155,444,233,-78
LN29_5,140,121.7161,41.61,86,233,-78,573,162,4,105,373,13,373,13,110,24,12077,289,-155,444,233,-78
LN31_2,140,121.7161,41.61,86,233,-78,573,162,4,105,373,13,373,13,110,24,12077,289,-155,444,233,-78
LN31_3,140,121.7161,41.61,86,233,-78,573,162,4,105,373,13,373,13,110,24,12077,289,-155,444,233,-78
LN31_5,140,121.7161,41.61,86,233,-78,573,162,4,105,373,13,373,13,110,24,12077,289,-155,444,233,-78
LN34_1,140,121.7161,41.61,86,233,-78,573,162,4,105,373,13,373,13,110,24,12077,289,-155,444,233,-78
LN34_3,140,121.7161,41.61,86,233,-78,573,162,4,105,373,13,373,13,110,24,12077,289,-155,444,233,-78
LN34_5,140,121.7161,41.61,86,233,-78,573,162,4,105,373,13,373,13,110,24,12077,289,-155,444,233,-78
LN41_1,150,122.9569,40.0381,75,213,-80,787,210,10,98,484,33,484,33,90,22,11349,262,-147,409,213,-80
LN41_2,150,122.9569,40.0381,75,213,-80,787,210,10,98,484,33,484,33,90,22,11349,262,-147,409,213,-80
LN41_3,150,122.9569,40.0381,75,213,-80,787,210,10,98,484,33,484,33,90,22,11349,262,-147,409,213,-80
LN41_4,150,122.9569,40.0381,75,213,-80,787,210,10,98,484,33,484,33,90,22,11349,262,-147,409,213,-80
LN41_5,150,122.9569,40.0381,75,213,-80,787,210,10,98,484,33,484,33,90,22,11349,262,-147,409,213,-80
LN48_1,100,124.0647,40.4275,78,217,-78,972,275,11,103,619,35,619,35,105,24,11426,275,-155,430,217,-78
LN48_2,100,124.0647,40.4275,78,217,-78,972,275,11,103,619,35,619,35,105,24,11426,275,-155,430,217,-78
LN48_3,100,124.0647,40.4275,78,217,-78,972,275,11,103,619,35,619,35,105,24,11426,275,-155,430,217,-78
LN48_4,100,124.0647,40.4275,78,217,-78,972,275,11,103,619,35,619,35,105,24,11426,275,-155,430,217,-78
LN49_2,100,124.0647,40.4275,78,217,-78,972,275,11,103,619,35,619,35,105,24,11426,275,-155,430,217,-78
LN49_3,100,124.0647,40.4275,78,217,-78,972,275,11,103,619,35,619,35,105,24,11426,275,-155,430,217,-78
LN49_4,100,124.0647,40.4275,78,217,-78,972,275,11,103,619,35,619,35,105,24,11426,275,-155,430,217,-78
LN49_5,100,124.0647,40.4275,78,217,-78,972,275,11,103,619,35,619,35,105,24,11426,275,-155,430,217,-78
LN51_1,100,124.0647,40.4275,78,217,-78,972,275,11,103,619,35,619,35,105,24,11426,275,-155,430,217,-78
LN51_2,100,124.0647,40.4275,78,217,-78,972,275,11,103,619,35,619,35,105,24,11426,275,-155,430,217,-78
LN51_3,100,124.0647,40.4275,78,217,-78,972,275,11,103,619,35,619,35,105,24,11426,275,-155,430,217,-78
LN51_4,100,124.0647,40.4275,78,217,-78,972,275,11,103,619,35,619,35,105,24,11426,275,-155,430,217,-78
LN57_1,100,124.0647,40.4275,78,217,-78,972,275,11,103,619,35,619,35,105,24,11426,275,-155,430,217,-78
LN57_2,100,124.0647,40.4275,78,217,-78,972,275,11,103,619,35,619,35,105,24,11426,275,-155,430,217,-78
LN57_3,100,124.0647,40.4275,78,217,-78,972,275,11,103,619,35,619,35,105,24,11426,275,-155,430,217,-78
LN57_4,100,124.0647,40.4275,78,217,-78,972,275,11,103,619,35,619,35,105,24,11426,275,-155,430,217,-78
LN57_5,100,124.0647,40.4275,78,217,-78,972,275,11,103,619,35,619,35,105,24,11426,275,-155,430,217,-78
LN70_1,100,124.0647,40.4275,78,217,-78,972,275,11,103,619,35,619,35,105,24,11426,275,-155,430,217,-78
LN70_2,100,124.0647,40.4275,78,217,-78,972,275,11,103,619,35,619,35,105,24,11426,275,-155,430,217,-78
LN70_3,100,124.0647,40.4275,78,217,-78,972,275,11,103,619,35,619,35,105,24,11426,275,-155,430,217,-78
LN70_4,100,124.0647,40.4275,78,217,-78,972,275,11,103,619,35,619,35,105,24,11426,275,-155,430,217,-78
LN71_2,100,124.0647,40.4275,78,217,-78,972,275,11,103,619,35,619,35,105,24,11426,275,-155,430,217,-78
LN71_3,100,124.0647,40.4275,78,217,-78,972,275,11,103,619,35,619,35,105,24,11426,275,-155,430,217,-78
LN71_4,100,124.0647,40.4275,78,217,-78,972,275,11,103,619,35,619,35,105,24,11426,275,-155,430,217,-78
NM2_1,1026,108.27,41.1,71,221,-95,190,56,1,112,128,5,126,5,132,27,12231,298,-178,476,201,-95
NM2_2,1026,108.27,41.1,71,221,-95,190,56,1,112,128,5,126,5,132,27,12231,298,-178,476,201,-95
NM2_3,1026,108.27,41.1,71,221,-95,190,56,1,112,128,5,126,5,132,27,12231,298,-178,476,201,-95
NM2_4,1026,108.27,41.1,71,221,-95,190,56,1,112,128,5,126,5,132,27,12231,298,-178,476,201,-95
NM2_5,1026,108.27,41.1,71,221,-95,190,56,1,112,128,5,126,5,132,27,12231,298,-178,476,201,-95
NM3_1,1040,111.41,40.48,64,209,-103,394,107,3,108,260,12,256,12,133,28,12084,285,-189,474,190,-103
NM3_2,1040,111.41,40.48,64,209,-103,394,107,3,108,260,12,256,12,133,28,12084,285,-189,474,190,-103
NM3_3,1040,111.41,40.48,64,209,-103,394,107,3,108,260,12,256,12,133,28,12084,285,-189,474,190,-103
NM3_4,1040,111.41,40.48,64,209,-103,394,107,3,108,260,12,256,12,133,28,12084,285,-189,474,190,-103
NM3_5,1040,111.41,40.48,64,209,-103,394,107,3,108,260,12,256,12,133,28,12084,285,-189,474,190,-103
S136_1,33,118.8358,32.0339,154,267,36,1013,183,32,53,451,116,451,116,86,25,8994,319,-16,335,267,59
S136_4,33,118.8358,32.0339,154,267,36,1013,183,32,53,451,116,451,116,86,25,8994,319,-16,335,267,59
S136_5,33,118.8358,32.0339,154,267,36,1013,183,32,53,451,116,451,116,86,25,8994,319,-16,335,267,59
S138_1,33,118.8358,32.0339,154,267,36,1013,183,32,53,451,116,451,116,86,25,8994,319,-16,335,267,59
S138_2,33,118.8358,32.0339,154,267,36,1013,183,32,53,451,116,451,116,86,25,8994,319,-16,335,267,59
S138_3,33,118.8358,32.0339,154,267,36,1013,183,32,53,451,116,451,116,86,25,8994,319,-16,335,267,59
S138_4,33,118.8358,32.0339,154,267,36,1013,183,32,53,451,116,451,116,86,25,8994,319,-16,335,267,59
S138_5,33,118.8358,32.0339,154,267,36,1013,183,32,53,451,116,451,116,86,25,8994,319,-16,335,267,59
S159_1,27,118.91,31.5834,158,271,40,1116,178,34,49,474,130,474,133,84,25,8988,323,-11,334,271,63
S159_2,27,118.91,31.5834,158,271,40,1116,178,34,49,474,130,474,133,84,25,8988,323,-11,334,271,63
S159_3,27,118.91,31.5834,158,271,40,1116,178,34,49,474,130,474,133,84,25,8988,323,-11,334,271,63
S159_4,27,118.91,31.5834,158,271,40,1116,178,34,49,474,130,474,133,84,25,8988,323,-11,334,271,63
S159_5,27,118.91,31.5834,158,271,40,1116,178,34,49,474,130,474,133,84,25,8988,323,-11,334,271,63
S176_k_1,300,118.8506,32.0689,154,267,36,1013,183,32,53,451,116,451,116,86,25,8994,319,-16,335,267,59
S176_k_2,300,118.8506,32.0689,154,267,36,1013,183,32,53,451,116,451,116,86,25,8994,319,-16,335,267,59
S176_k_3,300,118.8506,32.0689,154,267,36,1013,183,32,53,451,116,451,116,86,25,8994,319,-16,335,267,59
S176_k_4,300,118.8506,32.0689,154,267,36,1013,183,32,53,451,116,451,116,86,25,8994,319,-16,335,267,59
S176_z_1,300,118.8506,32.0689,154,267,36,1013,183,32,53,451,116,451,116,86,25,8994,319,-16,335,267,59
S176_z_2,300,118.8506,32.0689,154,267,36,1013,183,32,53,451,116,451,116,86,25,8994,319,-16,335,267,59
S176_z_3,300,118.8506,32.0689,154,267,36,1013,183,32,53,451,116,451,116,86,25,8994,319,-16,335,267,59
S176_z_4,300,118.8506,32.0689,154,267,36,1013,183,32,53,451,116,451,116,86,25,8994,319,-16,335,267,59
S176_z_5,300,118.8506,32.0689,154,267,36,1013,183,32,53,451,116,451,116,86,25,8994,319,-16,335,267,59
S179B_1,33,118.8506,32.0689,154,267,36,1013,183,32,53,451,116,451,116,86,25,8994,319,-16,335,267,59
S179B_2,33,118.8506,32.0689,154,267,36,1013,183,32,53,451,116,451,116,86,25,8994,319,-16,335,267,59
S179B_3,33,118.8506,32.0689,154,267,36,1013,183,32,53,451,116,451,116,86,25,8994,319,-16,335,267,59
S179B_4,33,118.8506,32.0689,154,267,36,1013,183,32,53,451,116,451,116,86,25,8994,319,-16,335,267,59
S179H_1,33,118.8506,32.0689,154,267,36,1013,183,32,53,451,116,451,116,86,25,8994,319,-16,335,267,59
S179H_3,33,118.8506,32.0689,154,267,36,1013,183,32,53,451,116,451,116,86,25,8994,319,-16,335,267,59
S179H_4,33,118.8506,32.0689,154,267,36,1013,183,32,53,451,116,451,116,86,25,8994,319,-16,335,267,59
S181_1,33,118.8506,32.0689,154,267,36,1013,183,32,53,451,116,451,116,86,25,8994,319,-16,335,267,59
S181_2,33,118.8506,32.0689,154,267,36,1013,183,32,53,451,116,451,116,86,25,8994,319,-16,335,267,59
S181_3,33,118.8506,32.0689,154,267,36,1013,183,32,53,451,116,451,116,86,25,8994,319,-16,335,267,59
S181_4,33,118.8506,32.0689,154,267,36,1013,183,32,53,451,116,451,116,86,25,8994,319,-16,335,267,59
S181_5,33,118.8506,32.0689,154,267,36,1013,183,32,53,451,116,451,116,86,25,8994,319,-16,335,267,59
S182_1,10,118.8269,32.0514,156,269,37,998,183,31,53,444,113,444,114,88,26,8987,320,-16,336,269,60
S182_2,10,118.8269,32.0514,156,269,37,998,183,31,53,444,113,444,114,88,26,8987,320,-16,336,269,60
S182_3,10,118.8269,32.0514,156,269,37,998,183,31,53,444,113,444,114,88,26,8987,320,-16,336,269,60
S182_4,10,118.8269,32.0514,156,269,37,998,183,31,53,444,113,444,114,88,26,8987,320,-16,336,269,60
S182_5,10,118.8269,32.0514,156,269,37,998,183,31,53,444,113,444,114,88,26,8987,320,-16,336,269,60
S183_1,10,118.8269,32.0514,156,269,37,998,183,31,53,444,113,444,114,88,26,8987,320,-16,336,269,60
S183_2,10,118.8269,32.0514,156,269,37,998,183,31,53,444,113,444,114,88,26,8987,320,-16,336,269,60
S183_3,10,118.8269,32.0514,156,269,37,998,183,31,53,444,113,444,114,88,26,8987,320,-16,336,269,60
S183_4,10,118.8269,32.0514,156,269,37,998,183,31,53,444,113,444,114,88,26,8987,320,-16,336,269,60
S183_5,10,118.8269,32.0514,156,269,37,998,183,31,53,444,113,444,114,88,26,8987,320,-16,336,269,60
S184_1,33,118.8506,32.0689,154,267,36,1013,183,32,53,451,116,451,116,86,25,8994,319,-16,335,267,59
S184_2,33,118.8506,32.0689,154,267,36,1013,183,32,53,451,116,451,116,86,25,8994,319,-16,335,267,59
S184_3,33,118.8506,32.0689,154,267,36,1013,183,32,53,451,116,451,116,86,25,8994,319,-16,335,267,59
S184_4,33,118.8506,32.0689,154,267,36,1013,183,32,53,451,116,451,116,86,25,8994,319,-16,335,267,59
S184_5,33,118.8506,32.0689,154,267,36,1013,183,32,53,451,116,451,116,86,25,8994,319,-16,335,267,59
S185_1,33,118.8506,32.0689,154,267,36,1013,183,32,53,451,116,451,116,86,25,8994,319,-16,335,267,59
S185_2,33,118.8506,32.0689,154,267,36,1013,183,32,53,451,116,451,116,86,25,8994,319,-16,335,267,59
S185_3,33,118.8506,32.0689,154,267,36,1013,183,32,53,451,116,451,116,86,25,8994,319,-16,335,267,59
S185_4,33,118.8506,32.0689,154,267,36,1013,183,32,53,451,116,451,116,86,25,8994,319,-16,335,267,59
S187_1,29,118.84,32.03,154,267,36,1013,183,32,53,451,116,451,116,86,25,8994,319,-16,335,267,59
S187_2,29,118.84,32.03,154,267,36,1013,183,32,53,451,116,451,116,86,25,8994,319,-16,335,267,59
S187_3,29,118.84,32.03,154,267,36,1013,183,32,53,451,116,451,116,86,25,8994,319,-16,335,267,59
S187_4,29,118.84,32.03,154,267,36,1013,183,32,53,451,116,451,116,86,25,8994,319,-16,335,267,59
S187_5,29,118.84,32.03,154,267,36,1013,183,32,53,451,116,451,116,86,25,8994,319,-16,335,267,59
S187_6,29,118.84,32.03,154,267,36,1013,183,32,53,451,116,451,116,86,25,8994,319,-16,335,267,59
SC107_1,730,103.6135,30.9974,154,238,61,1124,261,9,93,674,34,648,34,79,28,6798,287,14,273,231,61
SC107_2,730,103.6135,30.9974,154,238,61,1124,261,9,93,674,34,648,34,79,28,6798,287,14,273,231,61
SC107_3,730,103.6135,30.9974,154,238,61,1124,261,9,93,674,34,648,34,79,28,6798,287,14,273,231,61
SC107_4,730,103.6135,30.9974,154,238,61,1124,261,9,93,674,34,648,34,79,28,6798,287,14,273,231,61
SC107_5,730,103.6135,30.9974,154,238,61,1124,261,9,93,674,34,648,34,79,28,6798,287,14,273,231,61
SC114_1,927,103.4911,30.9184,128,207,39,1073,229,8,86,603,31,590,31,85,31,6460,258,-14,272,201,39
SC114_2,927,103.4911,30.9184,128,207,39,1073,229,8,86,603,31,590,31,85,31,6460,258,-14,272,201,39
SC114_3,927,103.4911,30.9184,128,207,39,1073,229,8,86,603,31,590,31,85,31,6460,258,-14,272,201,39
SC114_4,927,103.4911,30.9184,128,207,39,1073,229,8,86,603,31,590,31,85,31,6460,258,-14,272,201,39
SC114_5,927,103.4911,30.9184,128,207,39,1073,229,8,86,603,31,590,31,85,31,6460,258,-14,272,201,39
SC16_1,535,106.7551,31.8642,155,249,56,1130,212,10,76,597,34,519,34,82,28,7419,303,11,292,241,56
SC16_2,535,106.7551,31.8642,155,249,56,1130,212,10,76,597,34,519,34,82,28,7419,303,11,292,241,56
SC16_3,535,106.7551,31.8642,155,249,56,1130,212,10,76,597,34,519,34,82,28,7419,303,11,292,241,56
SC17_1,535,106.7551,31.8642,155,249,56,1130,212,10,76,597,34,519,34,82,28,7419,303,11,292,241,56
SC17_2,535,106.7551,31.8642,155,249,56,1130,212,10,76,597,34,519,34,82,28,7419,303,11,292,241,56
SC17_3,535,106.7551,31.8642,155,249,56,1130,212,10,76,597,34,519,34,82,28,7419,303,11,292,241,56
SC23_1,535,106.7551,31.8642,155,249,56,1130,212,10,76,597,34,519,34,82,28,7419,303,11,292,241,56
SC23_2,535,106.7551,31.8642,155,249,56,1130,212,10,76,597,34,519,34,82,28,7419,303,11,292,241,56
SC23_3,535,106.7551,31.8642,155,249,56,1130,212,10,76,597,34,519,34,82,28,7419,303,11,292,241,56
SC38_1,3004,103.862,33.0659,17,96,-69,802,136,5,75,387,23,379,23,135,40,6365,164,-167,331,92,-69
SC38_2,3004,103.862,33.0659,17,96,-69,802,136,5,75,387,23,379,23,135,40,6365,164,-167,331,92,-69
SC38_3,3004,103.862,33.0659,17,96,-69,802,136,5,75,387,23,379,23,135,40,6365,164,-167,331,92,-69
SC38_4,3004,103.862,33.0659,17,96,-69,802,136,5,75,387,23,379,23,135,40,6365,164,-167,331,92,-69
SC38_5,3004,103.862,33.0659,17,96,-69,802,136,5,75,387,23,379,23,135,40,6365,164,-167,331,92,-69
SC46_1,3004,103.862,33.0659,17,96,-69,802,136,5,75,387,23,379,23,135,40,6365,164,-167,331,92,-69
SC46_2,3004,103.862,33.0659,17,96,-69,802,136,5,75,387,23,379,23,135,40,6365,164,-167,331,92,-69
SC46_3,3004,103.862,33.0659,17,96,-69,802,136,5,75,387,23,379,23,135,40,6365,164,-167,331,92,-69
SC46_4,3004,103.862,33.0659,17,96,-69,802,136,5,75,387,23,379,23,135,40,6365,164,-167,331,92,-69
SC46_5,3004,103.862,33.0659,17,96,-69,802,136,5,75,387,23,379,23,135,40,6365,164,-167,331,92,-69
SC49_1,3004,103.862,33.0659,17,96,-69,802,136,5,75,387,23,379,23,135,40,6365,164,-167,331,92,-69
SC49_2,3004,103.862,33.0659,17,96,-69,802,136,5,75,387,23,379,23,135,40,6365,164,-167,331,92,-69
SC49_3,3004,103.862,33.0659,17,96,-69,802,136,5,75,387,23,379,23,135,40,6365,164,-167,331,92,-69
SC49_4,3004,103.862,33.0659,17,96,-69,802,136,5,75,387,23,379,23,135,40,6365,164,-167,331,92,-69
SC49_5,3004,103.862,33.0659,17,96,-69,802,136,5,75,387,23,379,23,135,40,6365,164,-167,331,92,-69
SC56_1,2367,101.8701,30.9155,88,160,4,718,146,3,85,371,14,371,14,123,41,6065,223,-77,300,160,4
SC56_2,2367,101.8701,30.9155,88,160,4,718,146,3,85,371,14,371,14,123,41,6065,223,-77,300,160,4
SC56_3,2367,101.8701,30.9155,88,160,4,718,146,3,85,371,14,371,14,123,41,6065,223,-77,300,160,4
SC56_4,2367,101.8701,30.9155,88,160,4,718,146,3,85,371,14,371,14,123,41,6065,223,-77,300,160,4
SC56_5,2367,101.8701,30.9155,88,160,4,718,146,3,85,371,14,371,14,123,41,6065,223,-77,300,160,4
SC59_1,2367,101.8701,30.9155,88,160,4,718,146,3,85,371,14,371,14,123,41,6065,223,-77,300,160,4
SC59_2,2367,101.8701,30.9155,88,160,4,718,146,3,85,371,14,371,14,123,41,6065,223,-77,300,160,4
SC59_3,2367,101.8701,30.9155,88,160,4,718,146,3,85,371,14,371,14,123,41,6065,223,-77,300,160,4
SC59_4,2367,101.8701,30.9155,88,160,4,718,146,3,85,371,14,371,14,123,41,6065,223,-77,300,160,4
SC62_1,2367,101.8701,30.9155,88,160,4,718,146,3,85,371,14,371,14,123,41,6065,223,-77,300,160,4
SC62_2,2367,101.8701,30.9155,88,160,4,718,146,3,85,371,14,371,14,123,41,6065,223,-77,300,160,4
SC62_3,2367,101.8701,30.9155,88,160,4,718,146,3,85,371,14,371,14,123,41,6065,223,-77,300,160,4
SC62_4,2367,101.8701,30.9155,88,160,4,718,146,3,85,371,14,371,14,123,41,6065,223,-77,300,160,4
SC62_5,2367,101.8701,30.9155,88,160,4,718,146,3,85,371,14,371,14,123,41,6065,223,-77,300,160,4
SC65_1,3025,101.9944,29.5702,-35,32,-109,1092,245,7,94,658,25,658,25,120,42,5537,81,-201,282,32,-109
SC65_2,3025,101.9944,29.5702,-35,32,-109,1092,245,7,94,658,25,658,25,120,42,5537,81,-201,282,32,-109
SC65_3,3025,101.9944,29.5702,-35,32,-109,1092,245,7,94,658,25,658,25,120,42,5537,81,-201,282,32,-109
SC65_4,3025,101.9944,29.5702,-35,32,-109,1092,245,7,94,658,25,658,25,120,42,5537,81,-201,282,32,-109
SC65_5,3025,101.9944,29.5702,-35,32,-109,1092,245,7,94,658,25,658,25,120,42,5537,81,-201,282,32,-109
SC67_1,3025,101.9944,29.5702,-35,32,-109,1092,245,7,94,658,25,658,25,120,42,5537,81,-201,282,32,-109
SC67_2,3025,101.9944,29.5702,-35,32,-109,1092,245,7,94,658,25,658,25,120,42,5537,81,-201,282,32,-109
SC67_3,3025,101.9944,29.5702,-35,32,-109,1092,245,7,94,658,25,658,25,120,42,5537,81,-201,282,32,-109
SC67_4,3025,101.9944,29.5702,-35,32,-109,1092,245,7,94,658,25,658,25,120,42,5537,81,-201,282,32,-109
SC67_5,3025,101.9944,29.5702,-35,32,-109,1092,245,7,94,658,25,658,25,120,42,5537,81,-201,282,32,-109
SC75_1,2517,103.3359,29.5326,158,237,70,1524,375,15,94,920,55,892,55,75,28,6440,287,27,260,232,70
SC75_2,2517,103.3359,29.5326,158,237,70,1524,375,15,94,920,55,892,55,75,28,6440,287,27,260,232,70
SC75_3,2517,103.3359,29.5326,158,237,70,1524,375,15,94,920,55,892,55,75,28,6440,287,27,260,232,70
SC75_4,2517,103.3359,29.5326,158,237,70,1524,375,15,94,920,55,892,55,75,28,6440,287,27,260,232,70
SC75_5,2517,103.3359,29.5326,158,237,70,1524,375,15,94,920,55,892,55,75,28,6440,287,27,260,232,70
SC77_1,2517,103.3359,29.5326,158,237,70,1524,375,15,94,920,55,892,55,75,28,6440,287,27,260,232,70
SC77_2,2517,103.3359,29.5326,158,237,70,1524,375,15,94,920,55,892,55,75,28,6440,287,27,260,232,70
SC77_3,2517,103.3359,29.5326,158,237,70,1524,375,15,94,920,55,892,55,75,28,6440,287,27,260,232,70
SC77_4,2517,103.3359,29.5326,158,237,70,1524,375,15,94,920,55,892,55,75,28,6440,287,27,260,232,70
SC77_5,2517,103.3359,29.5326,158,237,70,1524,375,15,94,920,55,892,55,75,28,6440,287,27,260,232,70
SC78_1,2517,103.3359,29.5326,158,237,70,1524,375,15,94,920,55,892,55,75,28,6440,287,27,260,232,70
SC78_2,2517,103.3359,29.5326,158,237,70,1524,375,15,94,920,55,892,55,75,28,6440,287,27,260,232,70
SC78_3,2517,103.3359,29.5326,158,237,70,1524,375,15,94,920,55,892,55,75,28,6440,287,27,260,232,70
SC82_1,2517,103.3359,29.5326,158,237,70,1524,375,15,94,920,55,892,55,75,28,6440,287,27,260,232,70
SC82_2,2517,103.3359,29.5326,158,237,70,1524,375,15,94,920,55,892,55,75,28,6440,287,27,260,232,70
SC82_3,2517,103.3359,29.5326,158,237,70,1524,375,15,94,920,55,892,55,75,28,6440,287,27,260,232,70
SC82_4,2517,103.3359,29.5326,158,237,70,1524,375,15,94,920,55,892,55,75,28,6440,287,27,260,232,70
SC82_5,2517,103.3359,29.5326,158,237,70,1524,375,15,94,920,55,892,55,75,28,6440,287,27,260,232,70
SC95_1,2517,103.3359,29.5326,158,237,70,1524,375,15,94,920,55,892,55,75,28,6440,287,27,260,232,70
SC95_2,2517,103.3359,29.5326,158,237,70,1524,375,15,94,920,55,892,55,75,28,6440,287,27,260,232,70
SC95_3,2517,103.3359,29.5326,158,237,70,1524,375,15,94,920,55,892,55,75,28,6440,287,27,260,232,70
SC95_4,2517,103.3359,29.5326,158,237,70,1524,375,15,94,920,55,892,55,75,28,6440,287,27,260,232,70
SC98_1,2517,103.3359,29.5326,158,237,70,1524,375,15,94,920,55,892,55,75,28,6440,287,27,260,232,70
SC98_2,2517,103.3359,29.5326,158,237,70,1524,375,15,94,920,55,892,55,75,28,6440,287,27,260,232,70
SC98_3,2517,103.3359,29.5326,158,237,70,1524,375,15,94,920,55,892,55,75,28,6440,287,27,260,232,70
SC98_4,2517,103.3359,29.5326,158,237,70,1524,375,15,94,920,55,892,55,75,28,6440,287,27,260,232,70
SC98_5,2517,103.3359,29.5326,158,237,70,1524,375,15,94,920,55,892,55,75,28,6440,287,27,260,232,70
SD11_2,1440,117.1006,36.255,122,244,-14,752,229,8,107,494,28,494,28,100,27,9939,297,-73,370,244,-14
SD11_3,1440,117.1006,36.255,122,244,-14,752,229,8,107,494,28,494,28,100,27,9939,297,-73,370,244,-14
SD11_4,1440,117.1006,36.255,122,244,-14,752,229,8,107,494,28,494,28,100,27,9939,297,-73,370,244,-14
SH9_1,10,121.4739,31.0489,162,266,54,1059,167,41,46,432,133,394,142,73,23,8345,315,8,307,265,79
SH9_2,10,121.4739,31.0489,162,266,54,1059,167,41,46,432,133,394,142,73,23,8345,315,8,307,265,79
SH9_3,10,121.4739,31.0489,162,266,54,1059,167,41,46,432,133,394,142,73,23,8345,315,8,307,265,79
SH9_4,10,121.4739,31.0489,162,266,54,1059,167,41,46,432,133,394,142,73,23,8345,315,8,307,265,79
SH9_5,10,121.4739,31.0489,162,266,54,1059,167,41,46,432,133,394,142,73,23,8345,315,8,307,265,79
SN102_1,1830,110.0819,34.4922,88,198,-28,775,149,10,69,385,34,353,34,81,24,8639,245,-83,328,184,-28
SN102_2,1830,110.0819,34.4922,88,198,-28,775,149,10,69,385,34,353,34,81,24,8639,245,-83,328,184,-28
SN102_3,1830,110.0819,34.4922,88,198,-28,775,149,10,69,385,34,353,34,81,24,8639,245,-83,328,184,-28
SN102_4,1830,110.0819,34.4922,88,198,-28,775,149,10,69,385,34,353,34,81,24,8639,245,-83,328,184,-28
SN102_5,1830,110.0819,34.4922,88,198,-28,775,149,10,69,385,34,353,34,81,24,8639,245,-83,328,184,-28
SN103_1,1830,110.0819,34.4922,88,198,-28,775,149,10,69,385,34,353,34,81,24,8639,245,-83,328,184,-28
SN103_2,1830,110.0819,34.4922,88,198,-28,775,149,10,69,385,34,353,34,81,24,8639,245,-83,328,184,-28
SN103_3,1830,110.0819,34.4922,88,198,-28,775,149,10,69,385,34,353,34,81,24,8639,245,-83,328,184,-28
SN103_4,1830,110.0819,34.4922,88,198,-28,775,149,10,69,385,34,353,34,81,24,8639,245,-83,328,184,-28
SN103_5,1830,110.0819,34.4922,88,198,-28,775,149,10,69,385,34,353,34,81,24,8639,245,-83,328,184,-28
SN108_1,1830,110.0819,34.4922,88,198,-28,775,149,10,69,385,34,353,34,81,24,8639,245,-83,328,184,-28
SN108_2,1830,110.0819,34.4922,88,198,-28,775,149,10,69,385,34,353,34,81,24,8639,245,-83,328,184,-28
SN108_3,1830,110.0819,34.4922,88,198,-28,775,149,10,69,385,34,353,34,81,24,8639,245,-83,328,184,-28
SN108_4,1830,110.0819,34.4922,88,198,-28,775,149,10,69,385,34,353,34,81,24,8639,245,-83,328,184,-28
SN108_5,1830,110.0819,34.4922,88,198,-28,775,149,10,69,385,34,353,34,81,24,8639,245,-83,328,184,-28
SN114_1,990,109.4842,36.5844,95,215,-39,528,117,3,88,315,12,293,12,128,31,9777,286,-123,409,200,-39
SN114_2,990,109.4842,36.5844,95,215,-39,528,117,3,88,315,12,293,12,128,31,9777,286,-123,409,200,-39
SN114_3,990,109.4842,36.5844,95,215,-39,528,117,3,88,315,12,293,12,128,31,9777,286,-123,409,200,-39
SN117_1,990,109.4842,36.5844,95,215,-39,528,117,3,88,315,12,293,12,128,31,9777,286,-123,409,200,-39
SN117_2,990,109.4842,36.5844,95,215,-39,528,117,3,88,315,12,293,12,128,31,9777,286,-123,409,200,-39
SN117_3,990,109.4842,36.5844,95,215,-39,528,117,3,88,315,12,293,12,128,31,9777,286,-123,409,200,-39
SN117_4,990,109.4842,36.5844,95,215,-39,528,117,3,88,315,12,293,12,128,31,9777,286,-123,409,200,-39
SN117_5,990,109.4842,36.5844,95,215,-39,528,117,3,88,315,12,293,12,128,31,9777,286,-123,409,200,-39
SN43_1,830,109.1958,34.2944,132,252,5,619,108,6,70,314,24,274,24,101,27,9457,314,-59,373,235,5
SN43_3,830,109.1958,34.2944,132,252,5,619,108,6,70,314,24,274,24,101,27,9457,314,-59,373,235,5
SN43_4,830,109.1958,34.2944,132,252,5,619,108,6,70,314,24,274,24,101,27,9457,314,-59,373,235,5
SN43_5,830,109.1958,34.2944,132,252,5,619,108,6,70,314,24,274,24,101,27,9457,314,-59,373,235,5
SN50_3,2450,107.8281,34.0117,89,195,-21,807,145,7,74,424,25,365,25,84,26,8265,249,-72,321,181,-21
SN50_4,2450,107.8281,34.0117,89,195,-21,807,145,7,74,424,25,365,25,84,26,8265,249,-72,321,181,-21
SN50_5,2450,107.8281,34.0117,89,195,-21,807,145,7,74,424,25,365,25,84,26,8265,249,-72,321,181,-21
SN51_1,2450,107.8281,34.0117,89,195,-21,807,145,7,74,424,25,365,25,84,26,8265,249,-72,321,181,-21
SN51_3,2450,107.8281,34.0117,89,195,-21,807,145,7,74,424,25,365,25,84,26,8265,249,-72,321,181,-21
SN51_4,2450,107.8281,34.0117,89,195,-21,807,145,7,74,424,25,365,25,84,26,8265,249,-72,321,181,-21
SN51_5,2450,107.8281,34.0117,89,195,-21,807,145,7,74,424,25,365,25,84,26,8265,249,-72,321,181,-21
SN57_1,2450,107.8281,34.0117,89,195,-21,807,145,7,74,424,25,365,25,84,26,8265,249,-72,321,181,-21
SN57_2,2450,107.8281,34.0117,89,195,-21,807,145,7,74,424,25,365,25,84,26,8265,249,-72,321,181,-21
SN57_3,2450,107.8281,34.0117,89,195,-21,807,145,7,74,424,25,365,25,84,26,8265,249,-72,321,181,-21
SN57_4,2450,107.8281,34.0117,89,195,-21,807,145,7,74,424,25,365,25,84,26,8265,249,-72,321,181,-21
SN57_5,2450,107.8281,34.0117,89,195,-21,807,145,7,74,424,25,365,25,84,26,8265,249,-72,321,181,-21
SN58_1,2450,107.8281,34.0117,89,195,-21,807,145,7,74,424,25,365,25,84,26,8265,249,-72,321,181,-21
SN58_2,2450,107.8281,34.0117,89,195,-21,807,145,7,74,424,25,365,25,84,26,8265,249,-72,321,181,-21
SN58_3,2450,107.8281,34.0117,89,195,-21,807,145,7,74,424,25,365,25,84,26,8265,249,-72,321,181,-21
SN58_4,2450,107.8281,34.0117,89,195,-21,807,145,7,74,424,25,365,25,84,26,8265,249,-72,321,181,-21
SN58_5,2450,107.8281,34.0117,89,195,-21,807,145,7,74,424,25,365,25,84,26,8265,249,-72,321,181,-21
SN63_1,2450,107.8281,34.0117,89,195,-21,807,145,7,74,424,25,365,25,84,26,8265,249,-72,321,181,-21
SN63_2,2450,107.8281,34.0117,89,195,-21,807,145,7,74,424,25,365,25,84,26,8265,249,-72,321,181,-21
SN63_3,2450,107.8281,34.0117,89,195,-21,807,145,7,74,424,25,365,25,84,26,8265,249,-72,321,181,-21
SN63_4,2450,107.8281,34.0117,89,195,-21,807,145,7,74,424,25,365,25,84,26,8265,249,-72,321,181,-21
SN63_5,2450,107.8281,34.0117,89,195,-21,807,145,7,74,424,25,365,25,84,26,8265,249,-72,321,181,-21
SN70_1,590,107.1467,34.3564,127,238,10,684,126,5,76,366,19,314,19,95,27,8746,299,-46,345,223,10
SN70_2,590,107.1467,34.3564,127,238,10,684,126,5,76,366,19,314,19,95,27,8746,299,-46,345,223,10
SN70_3,590,107.1467,34.3564,127,238,10,684,126,5,76,366,19,314,19,95,27,8746,299,-46,345,223,10
SN70_4,590,107.1467,34.3564,127,238,10,684,126,5,76,366,19,314,19,95,27,8746,299,-46,345,223,10
SN70_5,590,107.1467,34.3564,127,238,10,684,126,5,76,366,19,314,19,95,27,8746,299,-46,345,223,10
SN88_1,660,108.2997,33.1458,142,249,31,843,155,5,73,433,22,368,22,92,28,8358,306,-22,328,237,31
SN88_2,660,108.2997,33.1458,142,249,31,843,155,5,73,433,22,368,22,92,28,8358,306,-22,328,237,31
SN88_3,660,108.2997,33.1458,142,249,31,843,155,5,73,433,22,368,22,92,28,8358,306,-22,328,237,31
SN88_4,660,108.2997,33.1458,142,249,31,843,155,5,73,433,22,368,22,92,28,8358,306,-22,328,237,31
SN94_1,1830,110.0819,34.4922,88,198,-28,775,149,10,69,385,34,353,34,81,24,8639,245,-83,328,184,-28
SN94_2,1830,110.0819,34.4922,88,198,-28,775,149,10,69,385,34,353,34,81,24,8639,245,-83,328,184,-28
SN94_3,1830,110.0819,34.4922,88,198,-28,775,149,10,69,385,34,353,34,81,24,8639,245,-83,328,184,-28
SN94_4,1830,110.0819,34.4922,88,198,-28,775,149,10,69,385,34,353,34,81,24,8639,245,-83,328,184,-28
SN94_5,1830,110.0819,34.4922,88,198,-28,775,149,10,69,385,34,353,34,81,24,8639,245,-83,328,184,-28
SN96_1,1830,110.0819,34.4922,88,198,-28,775,149,10,69,385,34,353,34,81,24,8639,245,-83,328,184,-28
SN96_2,1830,110.0819,34.4922,88,198,-28,775,149,10,69,385,34,353,34,81,24,8639,245,-83,328,184,-28
SN96_3,1830,110.0819,34.4922,88,198,-28,775,149,10,69,385,34,353,34,81,24,8639,245,-83,328,184,-28
SN96_4,1830,110.0819,34.4922,88,198,-28,775,149,10,69,385,34,353,34,81,24,8639,245,-83,328,184,-28
SN96_5,1830,110.0819,34.4922,88,198,-28,775,149,10,69,385,34,353,34,81,24,8639,245,-83,328,184,-28
SX16_1,1137,113.1449,40.1103,57,193,-96,398,112,2,104,261,10,261,10,132,29,11193,266,-178,444,193,-96
SX16_2,1137,113.1449,40.1103,57,193,-96,398,112,2,104,261,10,261,10,132,29,11193,266,-178,444,193,-96
SX16_3,1137,113.1449,40.1103,57,193,-96,398,112,2,104,261,10,261,10,132,29,11193,266,-178,444,193,-96
SX16_4,1137,113.1449,40.1103,57,193,-96,398,112,2,104,261,10,261,10,132,29,11193,266,-178,444,193,-96
SX16_5,1137,113.1449,40.1103,57,193,-96,398,112,2,104,261,10,261,10,132,29,11193,266,-178,444,193,-96
X6_1,944,84.2591,41.7829,106,245,-68,65,14,1,78,39,4,39,4,133,28,12205,322,-150,472,245,-68
X6_2,944,84.2591,41.7829,106,245,-68,65,14,1,78,39,4,39,4,133,28,12205,322,-150,472,245,-68
X6_3,944,84.2591,41.7829,106,245,-68,65,14,1,78,39,4,39,4,133,28,12205,322,-150,472,245,-68
X6_4,944,84.2591,41.7829,106,245,-68,65,14,1,78,39,4,39,4,133,28,12205,322,-150,472,245,-68
X6_5,944,84.2591,41.7829,106,245,-68,65,14,1,78,39,4,39,4,133,28,12205,322,-150,472,245,-68
XZ10_1,2946,94.5393,29.4645,61,128,-14,598,124,2,92,345,9,345,9,128,45,5571,187,-97,284,128,-14
XZ10_2,2946,94.5393,29.4645,61,128,-14,598,124,2,92,345,9,345,9,128,45,5571,187,-97,284,128,-14
XZ10_3,2946,94.5393,29.4645,61,128,-14,598,124,2,92,345,9,345,9,128,45,5571,187,-97,284,128,-14
XZ11_1,2946,94.5393,29.4645,61,128,-14,598,124,2,92,345,9,345,9,128,45,5571,187,-97,284,128,-14
XZ11_2,2946,94.5393,29.4645,61,128,-14,598,124,2,92,345,9,345,9,128,45,5571,187,-97,284,128,-14
XZ11_3,2946,94.5393,29.4645,61,128,-14,598,124,2,92,345,9,345,9,128,45,5571,187,-97,284,128,-14
XZ11_4,2946,94.5393,29.4645,61,128,-14,598,124,2,92,345,9,345,9,128,45,5571,187,-97,284,128,-14
XZ11_5,2946,94.5393,29.4645,61,128,-14,598,124,2,92,345,9,345,9,128,45,5571,187,-97,284,128,-14
XZ13_1,2946,94.5393,29.4645,61,128,-14,598,124,2,92,345,9,345,9,128,45,5571,187,-97,284,128,-14
XZ13_2,2946,94.5393,29.4645,61,128,-14,598,124,2,92,345,9,345,9,128,45,5571,187,-97,284,128,-14
XZ13_3,2946,94.5393,29.4645,61,128,-14,598,124,2,92,345,9,345,9,128,45,5571,187,-97,284,128,-14
XZ13_4,2946,94.5393,29.4645,61,128,-14,598,124,2,92,345,9,345,9,128,45,5571,187,-97,284,128,-14
XZ13_5,2946,94.5393,29.4645,61,128,-14,598,124,2,92,345,9,345,9,128,45,5571,187,-97,284,128,-14
XZ17_1,2946,94.5393,29.4645,61,128,-14,598,124,2,92,345,9,345,9,128,45,5571,187,-97,284,128,-14
XZ17_2,2946,94.5393,29.4645,61,128,-14,598,124,2,92,345,9,345,9,128,45,5571,187,-97,284,128,-14
XZ17_3,2946,94.5393,29.4645,61,128,-14,598,124,2,92,345,9,345,9,128,45,5571,187,-97,284,128,-14
XZ17_4,2946,94.5393,29.4645,61,128,-14,598,124,2,92,345,9,345,9,128,45,5571,187,-97,284,128,-14
XZ17_5,2946,94.5393,29.4645,61,128,-14,598,124,2,92,345,9,345,9,128,45,5571,187,-97,284,128,-14
XZ42_1,3049,95.6197,29.7148,52,122,-24,674,144,3,91,396,13,396,14,128,44,5714,182,-107,289,122,-15
XZ42_2,3049,95.6197,29.7148,52,122,-24,674,144,3,91,396,13,396,14,128,44,5714,182,-107,289,122,-15
XZ42_3,3049,95.6197,29.7148,52,122,-24,674,144,3,91,396,13,396,14,128,44,5714,182,-107,289,122,-15
XZ42_4,3049,95.6197,29.7148,52,122,-24,674,144,3,91,396,13,396,14,128,44,5714,182,-107,289,122,-15
XZ42_5,3049,95.6197,29.7148,52,122,-24,674,144,3,91,396,13,396,14,128,44,5714,182,-107,289,122,-15
XZ51_1,1161,95.2754,29.3076,157,218,85,1789,385,7,92,1074,34,1074,48,116,44,5180,271,9,262,218,94
XZ51_2,1161,95.2754,29.3076,157,218,85,1789,385,7,92,1074,34,1074,48,116,44,5180,271,9,262,218,94
XZ51_3,1161,95.2754,29.3076,157,218,85,1789,385,7,92,1074,34,1074,48,116,44,5180,271,9,262,218,94
XZ57_1,796,95.1716,29.2375,157,218,85,1789,385,7,92,1074,34,1074,48,116,44,5180,271,9,262,218,94
XZ57_2,796,95.1716,29.2375,157,218,85,1789,385,7,92,1074,34,1074,48,116,44,5180,271,9,262,218,94
XZ57_3,796,95.1716,29.2375,157,218,85,1789,385,7,92,1074,34,1074,48,116,44,5180,271,9,262,218,94
XZ59_1,796,95.1716,29.2375,157,218,85,1789,385,7,92,1074,34,1074,48,116,44,5180,271,9,262,218,94
XZ59_2,796,95.1716,29.2375,157,218,85,1789,385,7,92,1074,34,1074,48,116,44,5180,271,9,262,218,94
XZ59_3,796,95.1716,29.2375,157,218,85,1789,385,7,92,1074,34,1074,48,116,44,5180,271,9,262,218,94
XZ59_4,796,95.1716,29.2375,157,218,85,1789,385,7,92,1074,34,1074,48,116,44,5180,271,9,262,218,94
XZ59_5,796,95.1716,29.2375,157,218,85,1789,385,7,92,1074,34,1074,48,116,44,5180,271,9,262,218,94
XZ76_1,3654,91.1155,29.6519,58,137,-27,378,115,0,129,288,2,288,2,147,44,6428,206,-126,332,137,-20
XZ76_2,3654,91.1155,29.6519,58,137,-27,378,115,0,129,288,2,288,2,147,44,6428,206,-126,332,137,-20
XZ76_3,3654,91.1155,29.6519,58,137,-27,378,115,0,129,288,2,288,2,147,44,6428,206,-126,332,137,-20
XZ76_4,3654,91.1155,29.6519,58,137,-27,378,115,0,129,288,2,288,2,147,44,6428,206,-126,332,137,-20
XZ76_5,3654,91.1155,29.6519,58,137,-27,378,115,0,129,288,2,288,2,147,44,6428,206,-126,332,137,-20
XZ79_1,3654,91.1155,29.6519,58,137,-27,378,115,0,129,288,2,288,2,147,44,6428,206,-126,332,137,-20
XZ79_2,3654,91.1155,29.6519,58,137,-27,378,115,0,129,288,2,288,2,147,44,6428,206,-126,332,137,-20
XZ79_3,3654,91.1155,29.6519,58,137,-27,378,115,0,129,288,2,288,2,147,44,6428,206,-126,332,137,-20
XZ79_4,3654,91.1155,29.6519,58,137,-27,378,115,0,129,288,2,288,2,147,44,6428,206,-126,332,137,-20
XZ79_5,3654,91.1155,29.6519,58,137,-27,378,115,0,129,288,2,288,2,147,44,6428,206,-126,332,137,-20
YN492_1,1891,102.6635,24.9615,154,201,94,995,210,12,88,585,39,585,39,105,46,4253,245,21,224,201,94
YN492_2,1891,102.6635,24.9615,154,201,94,995,210,12,88,585,39,585,39,105,46,4253,245,21,224,201,94
YN492_3,1891,102.6635,24.9615,154,201,94,995,210,12,88,585,39,585,39,105,46,4253,245,21,224,201,94
YN492_4,1891,102.6635,24.9615,154,201,94,995,210,12,88,585,39,585,39,105,46,4253,245,21,224,201,94
YN492_5,1891,102.6635,24.9615,154,201,94,995,210,12,88,585,39,585,39,105,46,4253,245,21,224,201,94
YN493_1,1891,102.6635,24.9615,154,201,94,995,210,12,88,585,39,585,39,105,46,4253,245,21,224,201,94
YN493_2,1891,102.6635,24.9615,154,201,94,995,210,12,88,585,39,585,39,105,46,4253,245,21,224,201,94
YN493_3,1891,102.6635,24.9615,154,201,94,995,210,12,88,585,39,585,39,105,46,4253,245,21,224,201,94
YN493_4,1891,102.6635,24.9615,154,201,94,995,210,12,88,585,39,585,39,105,46,4253,245,21,224,201,94
YN493_5,1891,102.6635,24.9615,154,201,94,995,210,12,88,585,39,585,39,105,46,4253,245,21,224,201,94
YN497_1,1891,102.6635,24.9615,154,201,94,995,210,12,88,585,39,585,39,105,46,4253,245,21,224,201,94
YN497_2,1891,102.6635,24.9615,154,201,94,995,210,12,88,585,39,585,39,105,46,4253,245,21,224,201,94
YN497_3,1891,102.6635,24.9615,154,201,94,995,210,12,88,585,39,585,39,105,46,4253,245,21,224,201,94
YN497_4,1891,102.6635,24.9615,154,201,94,995,210,12,88,585,39,585,39,105,46,4253,245,21,224,201,94
YN497_5,1891,102.6635,24.9615,154,201,94,995,210,12,88,585,39,585,39,105,46,4253,245,21,224,201,94
YN500_1,1474,101.993,24.0637,174,217,117,1059,219,14,85,611,45,611,45,109,49,3975,265,43,222,217,133
YN500_2,1474,101.993,24.0637,174,217,117,1059,219,14,85,611,45,611,45,109,49,3975,265,43,222,217,133
YN500_3,1474,101.993,24.0637,174,217,117,1059,219,14,85,611,45,611,45,109,49,3975,265,43,222,217,133
YN500_4,1474,101.993,24.0637,174,217,117,1059,219,14,85,611,45,611,45,109,49,3975,265,43,222,217,133
YN500_5,1474,101.993,24.0637,174,217,117,1059,219,14,85,611,45,611,45,109,49,3975,265,43,222,217,133
YN501_1,1474,101.993,24.0637,174,217,117,1059,219,14,85,611,45,611,45,109,49,3975,265,43,222,217,133
YN501_2,1474,101.993,24.0637,174,217,117,1059,219,14,85,611,45,611,45,109,49,3975,265,43,222,217,133
YN501_3,1474,101.993,24.0637,174,217,117,1059,219,14,85,611,45,611,45,109,49,3975,265,43,222,217,133
YN501_4,1474,101.993,24.0637,174,217,117,1059,219,14,85,611,45,611,45,109,49,3975,265,43,222,217,133
YN501_5,1474,101.993,24.0637,174,217,117,1059,219,14,85,611,45,611,45,109,49,3975,265,43,222,217,133
YN504_1,1474,101.993,24.0637,174,217,117,1059,219,14,85,611,45,611,45,109,49,3975,265,43,222,217,133
YN504_2,1474,101.993,24.0637,174,217,117,1059,219,14,85,611,45,611,45,109,49,3975,265,43,222,217,133
YN504_3,1474,101.993,24.0637,174,217,117,1059,219,14,85,611,45,611,45,109,49,3975,265,43,222,217,133
YN504_4,1474,101.993,24.0637,174,217,117,1059,219,14,85,611,45,611,45,109,49,3975,265,43,222,217,133
YN504_5,1474,101.993,24.0637,174,217,117,1059,219,14,85,611,45,611,45,109,49,3975,265,43,222,217,133
YN506_1,1474,101.993,24.0637,174,217,117,1059,219,14,85,611,45,611,45,109,49,3975,265,43,222,217,133
YN506_2,1474,101.993,24.0637,174,217,117,1059,219,14,85,611,45,611,45,109,49,3975,265,43,222,217,133
YN506_3,1474,101.993,24.0637,174,217,117,1059,219,14,85,611,45,611,45,109,49,3975,265,43,222,217,133
YN506_4,1474,101.993,24.0637,174,217,117,1059,219,14,85,611,45,611,45,109,49,3975,265,43,222,217,133
YN506_5,1474,101.993,24.0637,174,217,117,1059,219,14,85,611,45,611,45,109,49,3975,265,43,222,217,133
YN509_1,2311,101.9694,23.9441,190,233,133,1048,211,14,83,595,46,595,47,111,49,3987,283,59,224,233,149
YN509_2,2311,101.9694,23.9441,190,233,133,1048,211,14,83,595,46,595,47,111,49,3987,283,59,224,233,149
YN509_3,2311,101.9694,23.9441,190,233,133,1048,211,14,83,595,46,595,47,111,49,3987,283,59,224,233,149
YN509_4,2311,101.9694,23.9441,190,233,133,1048,211,14,83,595,46,595,47,111,49,3987,283,59,224,233,149
YN509_5,2311,101.9694,23.9441,190,233,133,1048,211,14,83,595,46,595,47,111,49,3987,283,59,224,233,149
YN526_1,2469,100.1859,23.9083,141,182,87,1247,264,13,87,715,47,715,47,112,50,3771,228,5,223,182,100
YN526_2,2469,100.1859,23.9083,141,182,87,1247,264,13,87,715,47,715,47,112,50,3771,228,5,223,182,100
YN526_3,2469,100.1859,23.9083,141,182,87,1247,264,13,87,715,47,715,47,112,50,3771,228,5,223,182,100
YN526_4,2469,100.1859,23.9083,141,182,87,1247,264,13,87,715,47,715,47,112,50,3771,228,5,223,182,100
YN526_5,2469,100.1859,23.9083,141,182,87,1247,264,13,87,715,47,715,47,112,50,3771,228,5,223,182,100
YN527_1,2469,100.1859,23.9083,141,182,87,1247,264,13,87,715,47,715,47,112,50,3771,228,5,223,182,100
YN527_2,2469,100.1859,23.9083,141,182,87,1247,264,13,87,715,47,715,47,112,50,3771,228,5,223,182,100
YN527_3,2469,100.1859,23.9083,141,182,87,1247,264,13,87,715,47,715,47,112,50,3771,228,5,223,182,100
YN527_4,2469,100.1859,23.9083,141,182,87,1247,264,13,87,715,47,715,47,112,50,3771,228,5,223,182,100
YN527_5,2469,100.1859,23.9083,141,182,87,1247,264,13,87,715,47,715,47,112,50,3771,228,5,223,182,100
YN528_1,2469,100.1859,23.9083,141,182,87,1247,264,13,87,715,47,715,47,112,50,3771,228,5,223,182,100
YN528_2,2469,100.1859,23.9083,141,182,87,1247,264,13,87,715,47,715,47,112,50,3771,228,5,223,182,100
YN528_3,2469,100.1859,23.9083,141,182,87,1247,264,13,87,715,47,715,47,112,50,3771,228,5,223,182,100
YN528_4,2469,100.1859,23.9083,141,182,87,1247,264,13,87,715,47,715,47,112,50,3771,228,5,223,182,100
YN528_5,2469,100.1859,23.9083,141,182,87,1247,264,13,87,715,47,715,47,112,50,3771,228,5,223,182,100
YN529_1,2469,100.1859,23.9083,141,182,87,1247,264,13,87,715,47,715,47,112,50,3771,228,5,223,182,100
YN529_2,2469,100.1859,23.9083,141,182,87,1247,264,13,87,715,47,715,47,112,50,3771,228,5,223,182,100
YN529_3,2469,100.1859,23.9083,141,182,87,1247,264,13,87,715,47,715,47,112,50,3771,228,5,223,182,100
YN529_4,2469,100.1859,23.9083,141,182,87,1247,264,13,87,715,47,715,47,112,50,3771,228,5,223,182,100
YN529_5,2469,100.1859,23.9083,141,182,87,1247,264,13,87,715,47,715,47,112,50,3771,228,5,223,182,100
YN533_1,2469,100.1859,23.9083,141,182,87,1247,264,13,87,715,47,715,47,112,50,3771,228,5,223,182,100
YN533_2,2469,100.1859,23.9083,141,182,87,1247,264,13,87,715,47,715,47,112,50,3771,228,5,223,182,100
YN533_3,2469,100.1859,23.9083,141,182,87,1247,264,13,87,715,47,715,47,112,50,3771,228,5,223,182,100
YN533_4,2469,100.1859,23.9083,141,182,87,1247,264,13,87,715,47,715,47,112,50,3771,228,5,223,182,100
YN533_5,2469,100.1859,23.9083,141,182,87,1247,264,13,87,715,47,715,47,112,50,3771,228,5,223,182,100
YN534_1,2469,100.1859,23.9083,141,182,87,1247,264,13,87,715,47,715,47,112,50,3771,228,5,223,182,100
YN534_2,2469,100.1859,23.9083,141,182,87,1247,264,13,87,715,47,715,47,112,50,3771,228,5,223,182,100
YN534_3,2469,100.1859,23.9083,141,182,87,1247,264,13,87,715,47,715,47,112,50,3771,228,5,223,182,100
YN534_4,2469,100.1859,23.9083,141,182,87,1247,264,13,87,715,47,715,47,112,50,3771,228,5,223,182,100
YN534_5,2469,100.1859,23.9083,141,182,87,1247,264,13,87,715,47,715,47,112,50,3771,228,5,223,182,100
YN548_1,1893,98.4919,25.2115,140,187,79,1477,287,16,78,805,71,805,71,112,48,4272,223,-6,229,187,79
YN548_2,1893,98.4919,25.2115,140,187,79,1477,287,16,78,805,71,805,71,112,48,4272,223,-6,229,187,79
YN548_3,1893,98.4919,25.2115,140,187,79,1477,287,16,78,805,71,805,71,112,48,4272,223,-6,229,187,79
YN548_4,1893,98.4919,25.2115,140,187,79,1477,287,16,78,805,71,805,71,112,48,4272,223,-6,229,187,79
YN548_5,1893,98.4919,25.2115,140,187,79,1477,287,16,78,805,71,805,71,112,48,4272,223,-6,229,187,79
YN553_1,1643,98.5003,25.0102,148,195,87,1395,267,17,77,754,69,754,69,113,48,4311,232,1,231,195,87
YN553_2,1643,98.5003,25.0102,148,195,87,1395,267,17,77,754,69,754,69,113,48,4311,232,1,231,195,87
YN553_3,1643,98.5003,25.0102,148,195,87,1395,267,17,77,754,69,754,69,113,48,4311,232,1,231,195,87
YN553_4,1643,98.5003,25.0102,148,195,87,1395,267,17,77,754,69,754,69,113,48,4311,232,1,231,195,87
YN553_5,1643,98.5003,25.0102,148,195,87,1395,267,17,77,754,69,754,69,113,48,4311,232,1,231,195,87
YN556_1,1643,98.5003,25.0102,148,195,87,1395,267,17,77,754,69,754,69,113,48,4311,232,1,231,195,87
YN556_2,1643,98.5003,25.0102,148,195,87,1395,267,17,77,754,69,754,69,113,48,4311,232,1,231,195,87
YN556_3,1643,98.5003,25.0102,148,195,87,1395,267,17,77,754,69,754,69,113,48,4311,232,1,231,195,87
YN556_4,1643,98.5003,25.0102,148,195,87,1395,267,17,77,754,69,754,69,113,48,4311,232,1,231,195,87
YN556_5,1643,98.5003,25.0102,148,195,87,1395,267,17,77,754,69,754,69,113,48,4311,232,1,231,195,87
YN557_1,1585,98.4626,25.0075,152,198,91,1506,293,17,78,825,71,825,71,113,49,4266,235,5,230,198,91
YN557_2,1585,98.4626,25.0075,152,198,91,1506,293,17,78,825,71,825,71,113,49,4266,235,5,230,198,91
YN557_3,1585,98.4626,25.0075,152,198,91,1506,293,17,78,825,71,825,71,113,49,4266,235,5,230,198,91
YN557_4,1585,98.4626,25.0075,152,198,91,1506,293,17,78,825,71,825,71,113,49,4266,235,5,230,198,91
YN557_5,1585,98.4626,25.0075,152,198,91,1506,293,17,78,825,71,825,71,113,49,4266,235,5,230,198,91
YN561_1,1436,98.4467,24.9457,167,211,105,1528,309,17,81,856,67,856,67,115,49,4249,252,18,234,211,105
YN561_2,1436,98.4467,24.9457,167,211,105,1528,309,17,81,856,67,856,67,115,49,4249,252,18,234,211,105
YN561_3,1436,98.4467,24.9457,167,211,105,1528,309,17,81,856,67,856,67,115,49,4249,252,18,234,211,105
YN561_4,1436,98.4467,24.9457,167,211,105,1528,309,17,81,856,67,856,67,115,49,4249,252,18,234,211,105
YN561_5,1436,98.4467,24.9457,167,211,105,1528,309,17,81,856,67,856,67,115,49,4249,252,18,234,211,105
YN575_1,2102,98.7576,25.9668,134,183,73,1375,274,14,78,748,71,748,71,110,48,4342,220,-8,228,183,73
YN575_2,2102,98.7576,25.9668,134,183,73,1375,274,14,78,748,71,748,71,110,48,4342,220,-8,228,183,73
YN575_3,2102,98.7576,25.9668,134,183,73,1375,274,14,78,748,71,748,71,110,48,4342,220,-8,228,183,73
YN575_4,2102,98.7576,25.9668,134,183,73,1375,274,14,78,748,71,748,71,110,48,4342,220,-8,228,183,73
YN575_5,2102,98.7576,25.9668,134,183,73,1375,274,14,78,748,71,748,71,110,48,4342,220,-8,228,183,73
YN580_1,2102,98.7576,25.9668,134,183,73,1375,274,14,78,748,71,748,71,110,48,4342,220,-8,228,183,73
YN580_2,2102,98.7576,25.9668,134,183,73,1375,274,14,78,748,71,748,71,110,48,4342,220,-8,228,183,73
YN580_3,2102,98.7576,25.9668,134,183,73,1375,274,14,78,748,71,748,71,110,48,4342,220,-8,228,183,73
YN580_4,2102,98.7576,25.9668,134,183,73,1375,274,14,78,748,71,748,71,110,48,4342,220,-8,228,183,73
YN580_5,2102,98.7576,25.9668,134,183,73,1375,274,14,78,748,71,748,71,110,48,4342,220,-8,228,183,73
YN583_1,3616,99.9451,27.9005,40,102,-29,783,197,5,99,494,19,494,19,120,45,5174,149,-113,262,102,-29
YN583_2,3616,99.9451,27.9005,40,102,-29,783,197,5,99,494,19,494,19,120,45,5174,149,-113,262,102,-29
YN583_3,3616,99.9451,27.9005,40,102,-29,783,197,5,99,494,19,494,19,120,45,5174,149,-113,262,102,-29
YN583_4,3616,99.9451,27.9005,40,102,-29,783,197,5,99,494,19,494,19,120,45,5174,149,-113,262,102,-29
YN583_5,3616,99.9451,27.9005,40,102,-29,783,197,5,99,494,19,494,19,120,45,5174,149,-113,262,102,-29
YN589_1,3616,99.9451,27.9005,40,102,-29,783,197,5,99,494,19,494,19,120,45,5174,149,-113,262,102,-29
YN589_2,3616,99.9451,27.9005,40,102,-29,783,197,5,99,494,19,494,19,120,45,5174,149,-113,262,102,-29
YN589_3,3616,99.9451,27.9005,40,102,-29,783,197,5,99,494,19,494,19,120,45,5174,149,-113,262,102,-29
YN589_4,3616,99.9451,27.9005,40,102,-29,783,197,5,99,494,19,494,19,120,45,5174,149,-113,262,102,-29
YN589_5,3616,99.9451,27.9005,40,102,-29,783,197,5,99,494,19,494,19,120,45,5174,149,-113,262,102,-29
YN593_1,3292,99.7069,27.8583,60,121,-9,777,190,5,96,479,21,479,21,118,45,5128,169,-88,257,121,-9
YN593_2,3292,99.7069,27.8583,60,121,-9,777,190,5,96,479,21,479,21,118,45,5128,169,-88,257,121,-9
YN593_3,3292,99.7069,27.8583,60,121,-9,777,190,5,96,479,21,479,21,118,45,5128,169,-88,257,121,-9
YN593_4,3292,99.7069,27.8583,60,121,-9,777,190,5,96,479,21,479,21,118,45,5128,169,-88,257,121,-9
YN593_5,3292,99.7069,27.8583,60,121,-9,777,190,5,96,479,21,479,21,118,45,5128,169,-88,257,121,-9
YN594_1,3292,99.7069,27.8583,60,121,-9,777,190,5,96,479,21,479,21,118,45,5128,169,-88,257,121,-9
YN594_2,3292,99.7069,27.8583,60,121,-9,777,190,5,96,479,21,479,21,118,45,5128,169,-88,257,121,-9
YN594_3,3292,99.7069,27.8583,60,121,-9,777,190,5,96,479,21,479,21,118,45,5128,169,-88,257,121,-9
YN594_4,3292,99.7069,27.8583,60,121,-9,777,190,5,96,479,21,479,21,118,45,5128,169,-88,257,121,-9
YN594_5,3292,99.7069,27.8583,60,121,-9,777,190,5,96,479,21,479,21,118,45,5128,169,-88,257,121,-9
YN598_1,3292,99.7069,27.8583,60,121,-9,777,190,5,96,479,21,479,21,118,45,5128,169,-88,257,121,-9
YN598_2,3292,99.7069,27.8583,60,121,-9,777,190,5,96,479,21,479,21,118,45,5128,169,-88,257,121,-9
YN598_3,3292,99.7069,27.8583,60,121,-9,777,190,5,96,479,21,479,21,118,45,5128,169,-88,257,121,-9
YN598_4,3292,99.7069,27.8583,60,121,-9,777,190,5,96,479,21,479,21,118,45,5128,169,-88,257,121,-9
YN598_5,3292,99.7069,27.8583,60,121,-9,777,190,5,96,479,21,479,21,118,45,5128,169,-88,257,121,-9
YN613_1,2881,100.2477,27.1257,79,133,16,947,235,4,102,601,18,601,18,117,48,4616,178,-64,242,133,16
YN613_2,2881,100.2477,27.1257,79,133,16,947,235,4,102,601,18,601,18,117,48,4616,178,-64,242,133,16
YN613_3,2881,100.2477,27.1257,79,133,16,947,235,4,102,601,18,601,18,117,48,4616,178,-64,242,133,16
YN613_4,2881,100.2477,27.1257,79,133,16,947,235,4,102,601,18,601,18,117,48,4616,178,-64,242,133,16
YN613_5,2881,100.2477,27.1257,79,133,16,947,235,4,102,601,18,601,18,117,48,4616,178,-64,242,133,16
YN618_1,2630,100.1342,25.6709,118,167,59,1066,228,11,89,615,43,615,43,111,49,4251,209,-16,225,167,59
YN618_2,2630,100.1342,25.6709,118,167,59,1066,228,11,89,615,43,615,43,111,49,4251,209,-16,225,167,59
YN618_3,2630,100.1342,25.6709,118,167,59,1066,228,11,89,615,43,615,43,111,49,4251,209,-16,225,167,59
YN618_4,2630,100.1342,25.6709,118,167,59,1066,228,11,89,615,43,615,43,111,49,4251,209,-16,225,167,59
YN618_5,2630,100.1342,25.6709,118,167,59,1066,228,11,89,615,43,615,43,111,49,4251,209,-16,225,167,59
YN620_1,2630,100.1342,25.6709,118,167,59,1066,228,11,89,615,43,615,43,111,49,4251,209,-16,225,167,59
YN620_2,2630,100.1342,25.6709,118,167,59,1066,228,11,89,615,43,615,43,111,49,4251,209,-16,225,167,59
YN620_3,2630,100.1342,25.6709,118,167,59,1066,228,11,89,615,43,615,43,111,49,4251,209,-16,225,167,59
YN620_4,2630,100.1342,25.6709,118,167,59,1066,228,11,89,615,43,615,43,111,49,4251,209,-16,225,167,59
YN620_5,2630,100.1342,25.6709,118,167,59,1066,228,11,89,615,43,615,43,111,49,4251,209,-16,225,167,59
Z407_1,128,119.3616,30.1885,155,262,44,1420,235,46,48,571,160,543,193,79,24,8482,318,-4,322,237,113
Z407_2,128,119.3616,30.1885,155,262,44,1420,235,46,48,571,160,543,193,79,24,8482,318,-4,322,237,113
Z407_4,128,119.3616,30.1885,155,262,44,1420,235,46,48,571,160,543,193,79,24,8482,318,-4,322,237,113
